"","Lower95","Median","Upper95","Mean","SD","Mode","MCerr","MC%ofSD","SSeff","AC.10","psrf"
"proposal_intercept[1]",-0.635573,-0.0174603,0.49042,-0.0527064302653312,0.262774536052191,NA,0.00327321947939858,1.2,6445,0.146543831754385,1.00068983893636
"proposal_intercept[2]",-0.572647,0.0002888395,0.542584,0.00208101629958006,0.256962308739283,NA,0.00229785064295927,0.9,12505,0.106143861746587,1.00102735195718
"proposal_intercept[3]",-0.51476,0.00621252,0.584705,0.0187636742013669,0.256293240434657,NA,0.00265865125529162,1,9293,0.107474971987444,1.00050283079512
"proposal_intercept[4]",-0.662599,-0.02687795,0.480577,-0.0688236517768291,0.267313506906798,NA,0.00339235406706692,1.3,6209,0.152872221376393,1.00073875577969
"proposal_intercept[5]",-1.10937,-0.182003,0.256888,-0.296910512599451,0.377109381119386,NA,0.00829645600392736,2.2,2066,0.492990101498363,1.00101942735707
"proposal_intercept[6]",-0.685464,-0.0318835,0.424541,-0.0754632888743655,0.261089784020557,NA,0.00271061155974046,1,9278,0.13077259661345,1.0000436584463
"proposal_intercept[7]",-0.662645,-0.03124765,0.461371,-0.075440751562293,0.264155279299601,NA,0.00304198054822098,1.2,7541,0.160255248687376,1.00120254180861
"proposal_intercept[8]",-0.862496,-0.09307385,0.31444,-0.173553031065525,0.29953033282383,NA,0.00475332352963565,1.6,3971,0.301846289436197,1.0004564342853
"proposal_intercept[9]",-0.417855,0.0349105,0.704618,0.0875984981599633,0.270985809780481,NA,0.00330731252587059,1.2,6713,0.181729751088894,1.00088689783352
"proposal_intercept[10]",-0.677716,-0.02919605,0.433457,-0.0731527130312433,0.26092013019416,NA,0.00254507955830541,1,10510,0.128547184670389,1.00009223676587
"proposal_intercept[11]",-0.569327,-0.001799255,0.543357,-0.0102990482523711,0.258419129876672,NA,0.00265739073246663,1,9457,0.120289975426486,1.00046159468236
"proposal_intercept[12]",-0.474501,0.0171966,0.6223,0.0510185278328762,0.256569075444615,NA,0.00225407407357724,0.9,12956,0.103889337355576,1.00025865723979
"proposal_intercept[13]",-0.802833,-0.05535085,0.375185,-0.12201988350541,0.285665414139479,NA,0.0038232185598578,1.3,5583,0.226250158480258,1.00299032937118
"proposal_intercept[14]",-0.543424,0.001769435,0.556404,0.00619281799280673,0.257519256089749,NA,0.0023217338612572,0.9,12303,0.100746667488031,1.00092635850326
"proposal_intercept[15]",-0.772773,-0.06175545,0.376735,-0.131297792181842,0.286782660577627,NA,0.00431602161298074,1.5,4415,0.249770659397885,1.00161249712664
"proposal_intercept[16]",-0.45705,0.02750635,0.683773,0.0748692576197374,0.268045432644494,NA,0.0036953520241369,1.4,5261,0.169535321934873,1.00053914289309
"proposal_intercept[17]",-0.443259,0.01854235,0.65104,0.0546127940704539,0.25851980365423,NA,0.00266108927584423,1,9438,0.11649010530978,1.00023754098402
"proposal_intercept[18]",-0.564761,2.85315e-05,0.554014,-0.0025935922489015,0.259181503278501,NA,0.00244670971313577,0.9,11221,0.102222294579836,1.00064612849232
"proposal_intercept[19]",-0.896375,-0.0992915,0.333695,-0.18691174866597,0.312466647641542,NA,0.0056739040787205,1.8,3033,0.344450371509893,1.00117442496889
"proposal_intercept[20]",-0.533648,0.00276885,0.581235,0.00737458261865513,0.257869319080825,NA,0.00256346508892139,1,10119,0.111647201797026,1.0000366153919
"proposal_intercept[21]",-0.695614,-0.03113155,0.444832,-0.0789701097312208,0.271263281193214,NA,0.0035722041584411,1.3,5766,0.181579698602394,1.0003648871252
"proposal_intercept[22]",-0.211642,0.1772435,1.16754,0.297861839347842,0.380081743729766,NA,0.0085339983016608,2.2,1984,0.49815112184371,1.00079391548466
"proposal_intercept[23]",-0.314984,0.08921845,0.88029,0.169672134123824,0.29900972878579,NA,0.00456667813487662,1.5,4287,0.290897797513398,1.00140247433971
"proposal_intercept[24]",-0.518988,0.005042805,0.600482,0.018075124185303,0.258781964557155,NA,0.00294450250474021,1.1,7724,0.110341126731462,1.00031807951573
"proposal_intercept[25]",-0.682603,-0.0257377,0.465273,-0.0681175832192319,0.265343400664976,NA,0.00266774774360827,1,9893,0.144943398467498,1.0012015944143
"proposal_intercept[26]",-0.758536,-0.05624725,0.370783,-0.119986816099783,0.276797451409417,NA,0.00388426993271271,1.4,5078,0.202686889350171,1.0006634403108
"proposal_intercept[27]",-0.579445,-0.006340705,0.519568,-0.0236022518955153,0.258191096711098,NA,0.00262876023335544,1,9647,0.1022674961044,1.00096398650004
"proposal_intercept[28]",-0.41489,0.0415276,0.709282,0.0966746057881937,0.270897430108615,NA,0.00334019013204631,1.2,6578,0.167581318227058,1.00037184557132
"proposal_intercept[29]",-0.439416,0.0318345,0.694481,0.0821372681153498,0.269043118549543,NA,0.00298937007068386,1.1,8100,0.164264086460126,1.00055350574076
"proposal_intercept[30]",-0.51765,0.003337655,0.59255,0.0154724219597533,0.257246283528106,NA,0.00221062357139517,0.9,13542,0.0988898938104368,1.00084921161562
"proposal_intercept[31]",-0.610952,-0.002929655,0.489942,-0.0145103682688497,0.253709962235335,NA,0.00216106457298959,0.9,13783,0.0855059661628862,1.00045242487667
"proposal_intercept[32]",-0.326256,0.08525885,0.861039,0.169762594927112,0.301954378299133,NA,0.00507022545400102,1.7,3547,0.298145070035269,1.000159167564
"proposal_intercept[33]",-0.602014,-0.00916309,0.518621,-0.0258604150527886,0.260546337967446,NA,0.00303373918384782,1.2,7376,0.104799922206781,1.00096100722
"proposal_intercept[34]",-0.426835,0.03732375,0.711017,0.0912260891259901,0.271774802671267,NA,0.00315897266915914,1.2,7402,0.168842047951095,1.00068239223755
"proposal_intercept[35]",-0.45929,0.02639015,0.70525,0.0749057583906245,0.279107618820812,NA,0.00318081597537834,1.1,7700,0.196566857068527,1.00772917283195
"proposal_intercept[36]",-0.481794,0.01216055,0.615877,0.040241230103687,0.257915746607228,NA,0.00219000568996383,0.8,13870,0.0941140075858538,1.00030394149492
"proposal_intercept[37]",-0.533091,0.0002128665,0.573811,0.00494114638821424,0.258610111447424,NA,0.00266109524885184,1,9444,0.119339773950522,1.0005810589119
"proposal_intercept[38]",-0.452677,0.02807735,0.657544,0.071185541902732,0.262873282547322,NA,0.00282996976566817,1.1,8628,0.137861021457675,1.00023839451041
"proposal_intercept[39]",-0.502309,0.00845339,0.595172,0.0304128433891692,0.257062214728424,NA,0.0023780542421558,0.9,11685,0.0977118462673544,1.0003206965889
"proposal_intercept[40]",-0.421079,0.03791685,0.7059,0.0904299828556508,0.270191296463039,NA,0.0035741177435899,1.3,5715,0.18497442886704,1.00038226077859
"proposal_intercept[41]",-0.351732,0.06397235,0.81432,0.134921446408834,0.287306651191047,NA,0.0040304986836144,1.4,5081,0.243625148597175,1.00141300486747
"proposal_intercept[42]",-0.675629,-0.0335511,0.44853,-0.083529438689902,0.267070913505698,NA,0.00317063081850082,1.2,7095,0.153475992420782,1.00026980567162
"tau_proposal",4.78604e-05,0.243713,0.551183,0.257538606243535,0.166208355926629,NA,0.00511627622103981,3.1,1055,0.838732445567135,1.00114095472791
"tau_assessor",0.0326741,0.629822,0.990077,0.579006132648925,0.28592724215794,NA,0.012778994998854,4.5,501,0.910998276346861,1.00125464666057
"rank_theta[1]",4,24,42,23.455175,11.6033683330873,35,0.0926645345511958,0.8,15680,0.0628178851412583,1.00018372848564
"rank_theta[2]",1,21,40,21.4077,11.6222806559294,24,0.0819100930713542,0.7,20133,0.0548226796534743,1.00016020143564
"rank_theta[3]",1,20,40,20.735575,11.68194830143,15,0.0827228818922065,0.7,19942,0.0519547580950317,1.00045411756629
"rank_theta[4]",4,25,42,24.11025,11.6412942979216,39,0.110933605406114,1,11012,0.0714892128915484,1.00031207061425
"rank_theta[5]",8,35,42,31.171175,10.9918103430115,42,0.178934439792811,1.6,3774,0.218691857334077,1.00029042622932
"rank_theta[6]",3,26,41,24.315925,11.4726808965714,41,0.0809824155756819,0.7,20070,0.0545034217115629,1.00000968662768
"rank_theta[7]",4,26,42,24.3998500000001,11.5060366633993,37,0.0938239633630954,0.8,15039,0.0701338703545018,1.0002723817345
"rank_theta[8]",6,30,42,27.75135,11.3754498020495,42,0.131165421766345,1.2,7521,0.125085346896384,1.00000736352394
"rank_theta[9]",1,17,39,18.28915,11.5938993759678,2,0.0997110965072511,0.9,13520,0.0775085595364135,1.00021086024022
"rank_theta[10]",4,25,42,24.253575,11.5894535076156,39,0.0919213562015724,0.8,15896,0.0653187692077921,1.00003219791619
"rank_theta[11]",1,22,40,21.88605,11.6244653039327,16,0.0895281373823895,0.8,16859,0.0551402805656653,1.00009216771998
"rank_theta[12]",1,19,39,19.5777,11.4783015509771,9,0.0743026497961778,0.6,23864,0.045199755233995,1.00002178547881
"rank_theta[13]",5,28,42,25.867,11.5368946644435,42,0.108795608931444,0.9,11245,0.0832567104636949,1.00009755333756
"rank_theta[14]",1,21,40,21.216375,11.6255896933338,10,0.0887390341962039,0.8,17163,0.0529129846106188,1.0002743201872
"rank_theta[15]",5,28,42,26.254075,11.4444001700289,42,0.109915173480453,1,10841,0.0890809659173062,1.00015175783145
"rank_theta[16]",1,18,39,18.76995,11.6434623825087,3,0.112740142010129,1,10666,0.0682099042072443,1.00027795564265
"rank_theta[17]",1,19,39,19.51545,11.5888143834031,3,0.0884026885872154,0.8,17185,0.0608907392467978,1.00008327451835
"rank_theta[18]",1,22,40,21.5211999999999,11.717016803439,22,0.0828203121574104,0.7,20015,0.0534215259765819,1.0006279888933
"rank_theta[19]",6,31,42,28.09295,11.3314593211452,42,0.129886321026151,1.1,7611,0.13506674081183,1.00008462382302
"rank_theta[20]",1,21,40,21.100875,11.6657255009326,17,0.0882102355256879,0.8,17490,0.052546727605903,0.999993864459292
"rank_theta[21]",4,26,42,24.401875,11.6328201459055,39,0.101576760161264,0.9,13115,0.0754819632595241,1.00018667954745
"rank_theta[22]",1,8,35,11.847475,10.9600713594151,1,0.187052946485242,1.7,3433,0.226549520149581,1.00025436708594
"rank_theta[23]",1,13,37,15.43075,11.3833494171789,1,0.130165147277796,1.1,7648,0.114601495022007,1.00068565631369
"rank_theta[24]",1,20,40,20.830425,11.6947290899187,17,0.0921091046514076,0.8,16120,0.0503102367888698,1.00008692165256
"rank_theta[25]",4,25,42,24.08995,11.5538649936898,40,0.0845100232299387,0.7,18691,0.0589638001699424,1.00008787939343
"rank_theta[26]",5,28,42,25.90495,11.4783495899991,40,0.115608081021711,1,9858,0.0835327591045743,1.00004249307252
"rank_theta[27]",1,23,40,22.362525,11.6684019649002,34,0.0990210441894527,0.8,13886,0.056150420953343,1.00040506189798
"rank_theta[28]",1,17,38,18.01475,11.5538941378759,4,0.0995572398382225,0.9,13468,0.0736004253963198,1.00011834707316
"rank_theta[29]",1,17,39,18.499325,11.5965668002825,9,0.0918872850430405,0.8,15928,0.0749643429776194,1.00023583848336
"rank_theta[30]",1,21,40,20.8677,11.610526121495,24,0.0845756029312322,0.7,18846,0.0507216143448718,1.00004880419527
"rank_theta[31]",1,22,40,21.962875,11.5941216711662,27,0.0841611620911732,0.7,18978,0.044422690544424,1.00005120153807
"rank_theta[32]",1,13,37,15.488875,11.3555977374322,1,0.127547182210593,1.1,7926,0.119791803158851,1.00017379957584
"rank_theta[33]",4,23,42,22.56905,11.6550966589491,33,0.0904756172381927,0.8,16595,0.0510033815952639,1.00042740730359
"rank_theta[34]",1,17,38,18.186275,11.5747602999492,3,0.0920756585314206,0.8,15803,0.0652293160155255,1.00021788277813
"rank_theta[35]",1,18,39,18.92815,11.6824547750564,1,0.103049553412328,0.9,12852,0.064699452381201,1.00007493240418
"rank_theta[36]",1,19,39,20.029125,11.5734621164128,11,0.0801476366909653,0.7,20852,0.0486205870015597,0.999993776549855
"rank_theta[37]",1,21,40,21.3813499999999,11.661171542797,20,0.0846352926073292,0.7,18984,0.054551829377407,1.00014385855696
"rank_theta[38]",1,18,39,18.855075,11.5221586843741,5,0.0838819454999431,0.7,18868,0.0625814545505927,1.00000514720716
"rank_theta[39]",1,20,39,20.37625,11.6259780243051,12,0.0848756319814139,0.7,18763,0.0540279041344411,1.00005485453844
"rank_theta[40]",1,17,38,18.1489500000001,11.536257669995,2,0.105800738678531,0.9,11889,0.0737238652619746,1.00011685473303
"rank_theta[41]",1,15,38,16.5822000000001,11.457262975156,2,0.113168112337271,1,10250,0.091249086144119,1.00059080960392
"rank_theta[42]",4,26,42,24.55075,11.5827491745033,42,0.0987786990560538,0.9,13750,0.0693881153765118,1.00017357116725
"assessor_intercept[1,1]",-1.13705,-0.303468,0.507053,-0.301431038160325,0.410862646659575,NA,0.00458093004280264,1.1,8044,0.136144609279378,1.00018413301706
"assessor_intercept[2,1]",-1.65021,-0.1940905,1.26266,-0.192484342118058,0.694144512085171,NA,0.00396565677510271,0.6,30639,0.0216415880205886,1.00017842836083
"assessor_intercept[3,1]",-1.62842,-0.1968165,1.23332,-0.192278391386262,0.68535108087072,NA,0.00380594357486562,0.6,32427,0.0173827258345169,1.00018384086749
"assessor_intercept[4,1]",-0.700484,0.180763,1.13664,0.190952583129935,0.481968630474275,NA,0.0120460982777978,2.5,1601,0.370022741036978,1.00075873201941
"assessor_intercept[5,1]",-1.6175,-0.2005845,1.27345,-0.196816912865799,0.693373494438812,NA,0.00378216974476669,0.5,33609,0.0243836000841684,1.00011829378941
"assessor_intercept[6,1]",-1.65985,-0.199061,1.23615,-0.19437914740817,0.69244936490036,NA,0.00388669293377215,0.6,31741,0.0185672415179143,1.00030474209007
"assessor_intercept[7,1]",-1.58907,-0.1950345,1.27915,-0.18709420142106,0.685980541986947,NA,0.00378840017672572,0.6,32788,0.0236430403628634,1.0002252885173
"assessor_intercept[8,1]",-1.61544,-0.191884,1.26908,-0.18692786230126,0.689982258404168,NA,0.00379857404460611,0.6,32994,0.0141457763902704,1.00011792331881
"assessor_intercept[9,1]",-1.61557,-0.1931645,1.25514,-0.190461447060192,0.687923639685298,NA,0.00378618836884921,0.6,33012,0.0212153339181378,1.00016685205188
"assessor_intercept[10,1]",-1.80721,-0.7657095,0.248628,-0.779717151667936,0.576099216901094,NA,0.0184453795828756,3.2,975,0.53801635613041,1.00044115965106
"assessor_intercept[11,1]",-1.68166,-0.192376,1.22417,-0.191427474183673,0.692508269201988,NA,0.00386868501903563,0.6,32042,0.018091414232771,1.00017457865056
"assessor_intercept[12,1]",-1.61628,-0.1954145,1.28323,-0.190994770686451,0.694196007820616,NA,0.00372130204498371,0.5,34800,0.0208136319256227,1.00022630074607
"assessor_intercept[13,1]",-1.60901,-0.1880685,1.24479,-0.18148373235214,0.684805390932902,NA,0.00409388502302747,0.6,27981,0.021759785574463,1.00008084011543
"assessor_intercept[14,1]",-1.1539,-0.337149,0.481408,-0.335674952171865,0.410167853939252,NA,0.00499239510677959,1.2,6750,0.156970702603688,1.00015581314491
"assessor_intercept[15,1]",-1.58951,-0.1917665,1.32352,-0.18632425223626,0.690513879029718,NA,0.00373072711159591,0.5,34258,0.0172246028955068,1.0001981056183
"assessor_intercept[16,1]",-1.65514,-0.1968015,1.20141,-0.193581579258488,0.687281277123612,NA,0.00410305982115743,0.6,28058,0.0229010466369376,1.0001370896378
"assessor_intercept[17,1]",-1.6506,-0.190854,1.26228,-0.188556288161432,0.692297035584378,NA,0.00377424242921211,0.5,33645,0.0179582025854679,1.00017144011877
"assessor_intercept[18,1]",-1.6219,-0.196558,1.27169,-0.190835767075472,0.691416250297618,NA,0.00392636531566599,0.6,31010,0.0203409049385593,1.00012095252042
"assessor_intercept[19,1]",-1.6692,-0.1932145,1.23029,-0.187508617154129,0.693321736799,NA,0.0038511682036317,0.6,32410,0.0204939897259584,1.00009493903517
"assessor_intercept[20,1]",-1.16711,-0.334121,0.484718,-0.330491158801058,0.410956743478084,NA,0.00499215736207402,1.2,6777,0.14458544759672,1.00031859446316
"assessor_intercept[21,1]",-1.13018,-0.300518,0.51249,-0.291662265368737,0.410320331099516,NA,0.00484079427021221,1.2,7185,0.141129774391629,1.00045365303797
"assessor_intercept[22,1]",-0.588662,0.454047,1.67719,0.497957583319695,0.653784225938122,NA,0.0219204635165232,3.4,890,0.628553260460962,1.0011601794566
"assessor_intercept[23,1]",-1.6431,-0.191698,1.26785,-0.186533765619615,0.692467976866096,NA,0.00375386822686716,0.5,34028,0.0184415698075958,1.00016058908421
"assessor_intercept[24,1]",-1.70439,-0.1910785,1.16639,-0.183843275982533,0.685055534593156,NA,0.00382623397788236,0.6,32056,0.0193817298107916,1.0004184574552
"assessor_intercept[25,1]",-1.5704,-0.202641,1.27753,-0.194083984221845,0.684585420629254,NA,0.00378993838073875,0.6,32628,0.0220660309233875,1.00013959583614
"assessor_intercept[26,1]",-1.57359,-0.1880535,1.29799,-0.179521425892575,0.688716133491828,NA,0.00372177442848203,0.5,34244,0.0181205139578007,1.00036023080126
"assessor_intercept[27,1]",-0.710629,0.159685,1.08283,0.168786358679759,0.474400483718736,NA,0.0114418507706216,2.4,1719,0.353601274050403,1.00112674414191
"assessor_intercept[28,1]",-1.65746,-0.192785,1.23528,-0.186365064162057,0.693004569070592,NA,0.00397629084133594,0.6,30375,0.0224878616653978,1.00007283959296
"assessor_intercept[29,1]",-1.65564,-0.191039,1.25143,-0.184488540885117,0.693122309556795,NA,0.00387520347418844,0.6,31991,0.016503464129497,1.00004209959546
"assessor_intercept[30,1]",-1.13898,-0.333202,0.496976,-0.334111970803538,0.408814021000313,NA,0.00461092818248499,1.1,7861,0.140843037096804,1.00043910422557
"assessor_intercept[31,1]",-1.63294,-0.1902345,1.26723,-0.184080592943812,0.691383136365189,NA,0.00393132369082597,0.6,30929,0.0224928129200016,1.00022662401334
"assessor_intercept[32,1]",-1.65197,-0.197361,1.24167,-0.191808420876671,0.688168626841911,NA,0.00387996685857826,0.6,31458,0.0189835683332421,1.00018788264428
"assessor_intercept[33,1]",-1.65759,-0.1961235,1.23027,-0.187932618508743,0.69083917381328,NA,0.00390470075052748,0.6,31302,0.0189371270201652,1.00015650910846
"assessor_intercept[34,1]",-1.65959,-0.191709,1.25017,-0.186541027299345,0.695085473684895,NA,0.00376108005400108,0.5,34155,0.0193675111598403,1.00007751664648
"assessor_intercept[35,1]",-1.61425,-0.1910235,1.28031,-0.188795983371825,0.691492574510263,NA,0.00382964836817185,0.6,32603,0.0227684296345167,1.0000821504529
"assessor_intercept[36,1]",-1.61171,-0.1935965,1.24226,-0.189488146896002,0.686193221822955,NA,0.00387023220407224,0.6,31435,0.0223333090862332,1.00005802029046
"assessor_intercept[37,1]",-1.93746,-0.805205,0.259504,-0.824662398258542,0.605773016192666,NA,0.0196907899967827,3.3,946,0.575940809259094,1.00094194468923
"assessor_intercept[38,1]",-1.65578,-0.1882805,1.23047,-0.185477322254418,0.692144603408031,NA,0.00383916374987107,0.6,32503,0.0153673986964402,1.00039893865677
"assessor_intercept[39,1]",-1.17559,-0.343979,0.46555,-0.34432360658646,0.411890295310829,NA,0.00507300667078347,1.2,6592,0.152851276937064,1.00020492030989
"assessor_intercept[40,1]",-0.744512,0.1054825,1.00179,0.113135603927577,0.458252154015692,NA,0.00986226623769738,2.2,2159,0.305111482080138,1.00026675941275
"assessor_intercept[41,1]",-1.61424,-0.192522,1.28506,-0.187708586517575,0.696304645840555,NA,0.00395299225772546,0.6,31027,0.0245453000136544,1.00011147241344
"assessor_intercept[42,1]",-1.61335,-0.192662,1.26766,-0.187028166787053,0.688611916710854,NA,0.0040275065606752,0.6,29233,0.0232373779298928,1.00007643776334
"assessor_intercept[1,2]",-1.11151,-0.269658,0.541434,-0.267895344351541,0.418292861749576,NA,0.00596049983889812,1.4,4925,0.168148918221931,1.0001188219275
"assessor_intercept[2,2]",-1.59487,-0.12166,1.31054,-0.1257005584038,0.696005110479262,NA,0.00388266114339272,0.6,32134,0.0224964592874782,1.000067934911
"assessor_intercept[3,2]",-1.16094,-0.3068445,0.522482,-0.30317408978559,0.426293387557022,NA,0.00664311480441989,1.6,4118,0.18806840215466,1.0001920823811
"assessor_intercept[4,2]",-1.59349,-0.12252,1.31132,-0.132990224386675,0.695727755794129,NA,0.00399247601084456,0.6,30366,0.0248889170830997,1.00018576102341
"assessor_intercept[5,2]",-1.59271,-0.119856,1.34418,-0.126072411515933,0.69950203416512,NA,0.00404336426067481,0.6,29929,0.018708346669117,1.00008093985533
"assessor_intercept[6,2]",-1.67199,-0.131835,1.24387,-0.133663240697753,0.695694101183547,NA,0.00384443392232748,0.6,32747,0.0195299664978614,1.00008589409965
"assessor_intercept[7,2]",-1.0771,-0.2668695,0.568502,-0.26183952909649,0.414376311220434,NA,0.0057377031290849,1.4,5216,0.163666434931762,1.00040541306071
"assessor_intercept[8,2]",-1.63502,-0.127118,1.27588,-0.12953649326229,0.697510661238751,NA,0.00383059249747239,0.5,33157,0.0237725218295968,1.00006369469602
"assessor_intercept[9,2]",-0.509718,0.6111205,1.79283,0.630852635967127,0.669127325025823,NA,0.0232248136352494,3.5,830,0.638637870904223,1.00077609342143
"assessor_intercept[10,2]",-1.62666,-0.1227205,1.2642,-0.126775529755065,0.6916163378331,NA,0.00389351058306828,0.6,31554,0.0257280455555225,1.00014800959026
"assessor_intercept[11,2]",-1.61803,-0.1266605,1.30411,-0.13338962145308,0.698974175319806,NA,0.00383783015285948,0.5,33170,0.0209689111316959,1.00029460092932
"assessor_intercept[12,2]",-1.57158,-0.125476,1.31485,-0.129056662560165,0.695612917118621,NA,0.00403722067104606,0.6,29687,0.0218961553707024,1.00010093287736
"assessor_intercept[13,2]",-1.58567,-0.131642,1.35336,-0.135857109746017,0.701571426028649,NA,0.00406096884383526,0.6,29846,0.0212410151808766,1.00013345041273
"assessor_intercept[14,2]",-1.60504,-0.1287415,1.29357,-0.130294843439383,0.697301189113735,NA,0.00396533702105188,0.6,30923,0.0238393274729748,1.00018768144354
"assessor_intercept[15,2]",-1.58927,-0.126942,1.3108,-0.13124743758366,0.695167581505641,NA,0.00417151400956467,0.6,27771,0.0235490655180657,1.00005368675539
"assessor_intercept[16,2]",-1.59787,-0.12627,1.31878,-0.130030678841255,0.700195014015687,NA,0.0041064935905468,0.6,29073,0.0249506329536046,1.0002740352833
"assessor_intercept[17,2]",-1.53963,-0.127097,1.3849,-0.126651945046933,0.69954936110186,NA,0.0039592332820859,0.6,31219,0.0260961538820563,1.00017058451618
"assessor_intercept[18,2]",-1.63173,-0.1265905,1.2931,-0.130892756790085,0.699840979413912,NA,0.00395675179282486,0.6,31284,0.0230643686862093,1.0003268829298
"assessor_intercept[19,2]",-1.60763,-0.126027,1.30308,-0.13131751847894,0.695085549486534,NA,0.00415571965652968,0.6,27976,0.0238661177583559,1.00008631207494
"assessor_intercept[20,2]",-1.59489,-0.127171,1.321,-0.130541496682695,0.697040202471916,NA,0.00418051556348582,0.6,27801,0.0198248664089827,1.00024156510105
"assessor_intercept[21,2]",-1.5881,-0.1275895,1.30216,-0.130425239834243,0.694517109063463,NA,0.00404221691091249,0.6,29521,0.0251992453302347,1.00009520819366
"assessor_intercept[22,2]",-1.64728,-0.126991,1.26811,-0.132272120220138,0.698167133443332,NA,0.00399914541021258,0.6,30478,0.0203692967287959,1.000298199874
"assessor_intercept[23,2]",-1.59403,-0.123357,1.31972,-0.128728513846002,0.699237979637304,NA,0.00383122388569756,0.5,33310,0.0157228268273133,1.00027135366077
"assessor_intercept[24,2]",-1.19266,-0.3039395,0.498889,-0.3037499193733,0.424384665018643,NA,0.00674830112529241,1.6,3955,0.188903004173985,1.00012375502145
"assessor_intercept[25,2]",-1.1052,-0.264802,0.551686,-0.260100437242053,0.415803269734746,NA,0.00533088510035762,1.3,6084,0.15674079462291,1.00029501922429
"assessor_intercept[26,2]",-1.58177,-0.1265765,1.31168,-0.13000825788293,0.696434131907623,NA,0.00396137252524028,0.6,30908,0.022214876304132,1.00023845403874
"assessor_intercept[27,2]",-1.58461,-0.1293195,1.28754,-0.135211960670603,0.69030983910209,NA,0.00403914331545596,0.6,29209,0.0202503874561279,1.0001376278488
"assessor_intercept[28,2]",-1.22279,-0.3415385,0.492373,-0.345286661408512,0.435610554745232,NA,0.00780357941312564,1.8,3116,0.226401334801035,1.00005049741944
"assessor_intercept[29,2]",-1.6012,-0.1222825,1.28477,-0.130777992284122,0.69399029056778,NA,0.00405382090386588,0.6,29307,0.0242222030632681,1.00015062415574
"assessor_intercept[30,2]",-1.55699,-0.1290675,1.32411,-0.129237596512242,0.693196371977044,NA,0.00371953055529158,0.5,34733,0.0242677439119426,1.00019262274041
"assessor_intercept[31,2]",-1.56553,-0.1297555,1.33276,-0.131608519096573,0.693471667008085,NA,0.00386945140501713,0.6,32119,0.0216404969840658,1.00017717593714
"assessor_intercept[32,2]",-1.60009,-0.131196,1.29708,-0.134859681577132,0.69078878183424,NA,0.00383524450302055,0.6,32442,0.0229153047917328,1.00005305624029
"assessor_intercept[33,2]",-1.6405,-0.1264975,1.26085,-0.130914953674258,0.693855659132072,NA,0.00379193973727799,0.5,33482,0.021146053620776,1.00003233550194
"assessor_intercept[34,2]",-1.54836,-0.1267135,1.34821,-0.130109392047586,0.69462593143531,NA,0.00387017637544431,0.6,32214,0.0203937271057347,1.00031828985194
"assessor_intercept[35,2]",-1.21972,-0.3313715,0.537553,-0.338189117396963,0.445017531442143,NA,0.00824912034544533,1.9,2910,0.246394610186121,1.00157166593174
"assessor_intercept[36,2]",-1.63138,-0.12824,1.29619,-0.131340840117864,0.701892122220891,NA,0.00390595039406999,0.6,32291,0.0223932873788347,1.00006212751159
"assessor_intercept[37,2]",-1.65345,-0.12134,1.26942,-0.126211454326294,0.697994748107377,NA,0.00397174240219688,0.6,30885,0.0214784409648756,1.00011319615618
"assessor_intercept[38,2]",-1.58605,-0.1305345,1.33767,-0.135729533194514,0.698229292073096,NA,0.00401866354588321,0.6,30188,0.018625043234534,1.00017177877991
"assessor_intercept[39,2]",-0.709191,0.179953,1.05965,0.176009595716435,0.457436138184741,NA,0.0093411191192172,2,2398,0.278481065820028,1.00045193779528
"assessor_intercept[40,2]",-1.5528,-0.125243,1.35444,-0.128298945153799,0.694547513274741,NA,0.00412934075896796,0.6,28291,0.0287205116643285,1.00029185585963
"assessor_intercept[41,2]",-1.62337,-0.1289515,1.24719,-0.133397387741214,0.689900036670302,NA,0.004128689684147,0.6,27922,0.0243450436198598,1.0000839650977
"assessor_intercept[42,2]",-1.09168,-0.2563165,0.565283,-0.253340031163913,0.416885761008474,NA,0.00544695948577154,1.3,5858,0.151042212796517,1.00045000832845
"assessor_intercept[1,3]",-1.45711,0.0137106,1.41484,0.00918533320133497,0.696812142057608,NA,0.00434026827442855,0.6,25775,0.0292554310795545,1.00040679258925
"assessor_intercept[2,3]",-1.0604,-0.2262155,0.638118,-0.221816279025062,0.439004931801675,NA,0.00850635812971358,1.9,2663,0.244104950872111,1.00059964837298
"assessor_intercept[3,3]",-1.44484,0.01603515,1.44266,0.0148982193862225,0.695955181574255,NA,0.00420450974895101,0.6,27399,0.0273416213024795,1.00042463817085
"assessor_intercept[4,3]",-1.49299,0.01497485,1.42579,0.01541512561445,0.701530283602285,NA,0.00433237730571609,0.6,26220,0.0240215389388363,1.00018031885731
"assessor_intercept[5,3]",-1.41885,0.01924445,1.48859,0.018455612743735,0.696296339266331,NA,0.00420949310121782,0.6,27361,0.0208858592635968,1.00027793106716
"assessor_intercept[6,3]",-1.02939,-0.1946635,0.648423,-0.184555319378007,0.430260981413434,NA,0.0072139959080517,1.7,3557,0.208084827892871,1.00031876093071
"assessor_intercept[7,3]",-1.45735,0.0170511,1.44567,0.016552859818355,0.698831172053893,NA,0.00418939016171941,0.6,27825,0.0252264737280186,1.00043741925504
"assessor_intercept[8,3]",-0.966541,-0.1460555,0.705914,-0.13947464779463,0.428804053436668,NA,0.00649146265184137,1.5,4363,0.207593005617494,1.00055391522846
"assessor_intercept[9,3]",-1.38612,0.01606895,1.54336,0.0120043556643675,0.702076683377067,NA,0.00429106404782384,0.6,26769,0.0262654312823336,1.00014249554602
"assessor_intercept[10,3]",-1.44921,0.0148078,1.45984,0.0114259423666265,0.695002703589069,NA,0.00436268344643234,0.6,25378,0.0256731109101597,1.00032383151792
"assessor_intercept[11,3]",-1.06444,-0.2239765,0.64033,-0.218369704533295,0.44154525518796,NA,0.00851404028830168,1.9,2690,0.25068667361157,1.00030640148092
"assessor_intercept[12,3]",-1.4284,0.0139857,1.49722,0.013525596560346,0.702610344773222,NA,0.00435378203896168,0.6,26043,0.0229437709780862,1.00023154394054
"assessor_intercept[13,3]",-1.47009,0.0150004,1.42485,0.00915603798611457,0.696411354340776,NA,0.00433604991893895,0.6,25795,0.0261577999537218,1.00043432312377
"assessor_intercept[14,3]",-1.40044,0.01746105,1.51582,0.0147594487426698,0.698725883576203,NA,0.00434498903277877,0.6,25860,0.0251998259498728,1.00026624422078
"assessor_intercept[15,3]",-1.45277,0.007707435,1.46824,0.00674678437725427,0.69799429533348,NA,0.00428457134305944,0.6,26539,0.0304675010983331,1.00050260436637
"assessor_intercept[16,3]",-1.1881,-0.264696,0.607395,-0.262352835286775,0.459235463816556,NA,0.0102492952686059,2.2,2008,0.302950831068557,1.00078786782034
"assessor_intercept[17,3]",-1.40829,0.0145865,1.48562,0.01477541412822,0.6958660745747,NA,0.00427568596866147,0.6,26487,0.0214906725150434,1.00031723769326
"assessor_intercept[18,3]",-1.47866,0.01041,1.44231,0.00607261043641576,0.703226503398068,NA,0.00442128209190668,0.6,25298,0.0298187307053529,1.00014791125828
"assessor_intercept[19,3]",-1.47433,0.01376415,1.40766,0.0116608109781625,0.693533231972338,NA,0.00441729003264783,0.6,24650,0.0260554758869332,1.00028364224913
"assessor_intercept[20,3]",-1.44012,0.0146488,1.46421,0.0164467633222788,0.70178950039239,NA,0.00434374287795261,0.6,26103,0.0264920921045795,1.00033247767336
"assessor_intercept[21,3]",-1.48123,0.0108294,1.42312,0.0113339177197718,0.699956403554435,NA,0.00423107796202447,0.6,27368,0.0262635379739979,1.00060560106713
"assessor_intercept[22,3]",-1.42085,0.01387825,1.44087,0.014958484476185,0.693723245960983,NA,0.00424920914961779,0.6,26654,0.0276003732707773,1.00005568054954
"assessor_intercept[23,3]",-0.673123,0.192268,1.02257,0.180942626057323,0.431457855788866,NA,0.00661045212088376,1.5,4260,0.204161642142983,1.00047590322182
"assessor_intercept[24,3]",-0.604453,0.2629455,1.10874,0.253864038099365,0.438193722204914,NA,0.00760717200266545,1.7,3318,0.230868370144975,1.0007267301688
"assessor_intercept[25,3]",-1.47977,0.01497335,1.42498,0.01427930386767,0.69681595962159,NA,0.00422468764050282,0.6,27205,0.0238786001609834,1.00038524021985
"assessor_intercept[26,3]",-1.50593,0.007895975,1.39775,0.00834389653671748,0.696534117889894,NA,0.00430952945296003,0.6,26123,0.0271350546335579,1.00027618165809
"assessor_intercept[27,3]",-1.48629,0.015022,1.46129,0.0110623837729975,0.706421291124952,NA,0.00418468005371474,0.6,28497,0.0301069708062647,1.00030405119129
"assessor_intercept[28,3]",-0.415202,0.6859565,1.81155,0.700822205062786,0.631600865347666,NA,0.0204072670656796,3.2,958,0.598052778401076,1.00173358755226
"assessor_intercept[29,3]",-1.44505,0.01478605,1.48996,0.0135217609959768,0.70087768865054,NA,0.00439798878511354,0.6,25397,0.0242013020790256,1.00051113355828
"assessor_intercept[30,3]",-1.46385,0.0119074,1.4248,0.0113687152996692,0.697245064076664,NA,0.00431546872535155,0.6,26104,0.0243582321707892,1.00026066337198
"assessor_intercept[31,3]",-1.44993,0.01552045,1.44738,0.0130555946851865,0.696645515802893,NA,0.0041493242264468,0.6,28188,0.0231337980464978,1.00046350479233
"assessor_intercept[32,3]",-1.46343,0.02044625,1.44077,0.0163864312454325,0.699590510466357,NA,0.00412117895592458,0.6,28817,0.0296668173715019,1.00012380799556
"assessor_intercept[33,3]",-1.08772,-0.2137325,0.627977,-0.210766484592999,0.442396121098623,NA,0.00830894433511717,1.9,2835,0.23742272339455,1.00094283711592
"assessor_intercept[34,3]",-1.47376,0.0107287,1.42232,0.00640275638077171,0.697379424014749,NA,0.00415514630089567,0.6,28169,0.0304801412758461,1.00034224706668
"assessor_intercept[35,3]",-1.45514,0.01717325,1.43736,0.01543176167405,0.697812002867124,NA,0.004542265575581,0.7,23601,0.029374662035286,1.00021609340411
"assessor_intercept[36,3]",-1.42461,0.01798275,1.46865,0.0174861344320375,0.697668468748801,NA,0.00430411363877303,0.6,26274,0.0277680301858427,1.00020555864984
"assessor_intercept[37,3]",-1.43684,0.009122525,1.47409,0.00789583837127249,0.700858533037695,NA,0.00446591100246831,0.6,24629,0.0281576011673311,1.00036073289273
"assessor_intercept[38,3]",-0.628027,0.2395935,1.08543,0.230329303101622,0.435430711968749,NA,0.0073250956964572,1.7,3534,0.211408837412035,1.0007742076505
"assessor_intercept[39,3]",-1.42764,0.01244175,1.49584,0.0117442261989625,0.699901576893845,NA,0.00439257493932384,0.6,25388,0.0266555057281246,1.00012881681766
"assessor_intercept[40,3]",-1.45941,0.01454175,1.4407,0.012663706746085,0.697434590322735,NA,0.00425754772136206,0.6,26834,0.0268435580950405,1.00006768077581
"assessor_intercept[41,3]",-1.46385,0.0137285,1.43739,0.011401463514155,0.696990940339432,NA,0.00439372540612749,0.6,25165,0.0288322537787908,1.00042226844578
"assessor_intercept[42,3]",-1.41108,0.01184005,1.48739,0.0125597114191468,0.697351000424975,NA,0.0043249332137288,0.6,25998,0.0293118020160548,1.00040652649847
"assessor_intercept[1,4]",-1.51035,-0.0131679,1.42037,-0.0115369370855425,0.699008632362937,NA,0.00389679662642115,0.6,32177,0.0192595708831522,1.00032399711524
"assessor_intercept[2,4]",-0.626637,0.253528,1.12788,0.250936605261552,0.447561298306517,NA,0.00823229543917121,1.8,2956,0.258053396086297,1.00050428491602
"assessor_intercept[3,4]",-0.628024,0.2386275,1.10329,0.236647333831723,0.441056102158015,NA,0.00745202287680694,1.7,3503,0.240203553480244,1.00072205882933
"assessor_intercept[4,4]",-1.45274,-0.0139281,1.43501,-0.0128016323624725,0.697535600635994,NA,0.00388928507641566,0.6,32166,0.0191304467717549,1.0000350914328
"assessor_intercept[5,4]",-1.46763,-0.01165225,1.4414,-0.00955833372659125,0.699844349696675,NA,0.00416939277148027,0.6,28175,0.0224689116722139,1.00010208419914
"assessor_intercept[6,4]",-1.04657,-0.208887,0.6406,-0.200740102235462,0.426021884576202,NA,0.00604457087029338,1.4,4967,0.187109968796517,1.00053563887356
"assessor_intercept[7,4]",-1.47353,-0.01837765,1.44406,-0.0207639845064755,0.702026851084375,NA,0.00400364930484197,0.6,30746,0.0257856464102601,1.00013401266767
"assessor_intercept[8,4]",-1.43534,-0.01316185,1.45176,-0.0113023699357025,0.695637583534093,NA,0.00399569812403315,0.6,30310,0.0248741453745266,1.00000940015204
"assessor_intercept[9,4]",-1.49596,-0.0165554,1.4412,-0.0179838874189842,0.702090940684692,NA,0.00411508659573953,0.6,29109,0.0252837255759751,1.00009725896848
"assessor_intercept[10,4]",-1.49617,-0.0142757,1.44145,-0.0138744848164873,0.701277988038594,NA,0.00391832807481716,0.6,32032,0.0176838483637429,1.00007037137793
"assessor_intercept[11,4]",-1.44149,-0.0151446,1.47127,-0.01587920972838,0.701837620453542,NA,0.00389750975169202,0.6,32426,0.019085196171458,1.00013887376133
"assessor_intercept[12,4]",-1.45518,-0.0165385,1.46642,-0.016031357477465,0.699828439408653,NA,0.00379233477459777,0.5,34054,0.0256546997088759,1.00016945021903
"assessor_intercept[13,4]",-1.75525,-0.646228,0.420505,-0.66546612852166,0.617803903708929,NA,0.0200251487488122,3.2,952,0.586298187098214,1.0012801178459
"assessor_intercept[14,4]",-1.47988,-0.01256085,1.42919,-0.012509095014025,0.698128320765043,NA,0.00400853244127463,0.6,30332,0.0225774872670496,1.0001643952925
"assessor_intercept[15,4]",-1.4918,-0.01820965,1.41702,-0.018982780484765,0.696655947815923,NA,0.00393285327424489,0.6,31378,0.0220461940775041,1.00003742586928
"assessor_intercept[16,4]",-1.51004,-0.01721935,1.42829,-0.0139816329535775,0.705861583413807,NA,0.00401578141223252,0.6,30896,0.0241265228922832,1.00001875171712
"assessor_intercept[17,4]",-1.5005,-0.0158261,1.44453,-0.0102237051480425,0.70436726823011,NA,0.00390317508114939,0.6,32566,0.0194574798587038,1.00017774313544
"assessor_intercept[18,4]",-1.12649,-0.241569,0.606976,-0.238698840165942,0.437820147604262,NA,0.00746722850973402,1.7,3438,0.219508184386426,1.00111137996417
"assessor_intercept[19,4]",-1.49668,-0.0150646,1.41689,-0.01676180071822,0.701267636873841,NA,0.0040494699451633,0.6,29990,0.0245783545255779,1.0001530620467
"assessor_intercept[20,4]",-1.49027,-0.0132301,1.46159,-0.0123403278468875,0.701222122803926,NA,0.00417901643016113,0.6,28155,0.0249234776125062,1.00023035680347
"assessor_intercept[21,4]",-1.46105,-0.01414735,1.46104,-0.01465353788746,0.702105820159358,NA,0.00395961449358524,0.6,31441,0.023225457502915,1.0000539824318
"assessor_intercept[22,4]",-1.45452,-0.01394145,1.45205,-0.0119134452409125,0.699377962487937,NA,0.00380782348984387,0.5,33734,0.023981405592454,1.00003855981322
"assessor_intercept[23,4]",-0.431663,0.629542,1.75212,0.648510125399477,0.62557731437996,NA,0.0202195450257885,3.2,957,0.591178760987363,1.00028518194188
"assessor_intercept[24,4]",-1.5065,-0.01645655,1.37293,-0.0178806794944628,0.69353865650936,NA,0.00408445508852133,0.6,28832,0.0249075060721858,1.00016394847375
"assessor_intercept[25,4]",-1.08589,-0.2069345,0.638434,-0.203001417117757,0.433214290513659,NA,0.00608633941979859,1.4,5066,0.195593412412793,1.00048899911382
"assessor_intercept[26,4]",-1.51268,-0.0165725,1.45175,-0.0169337338343524,0.708443592384937,NA,0.00397706724029886,0.6,31731,0.0187546769263017,1.00029182004769
"assessor_intercept[27,4]",-1.4813,-0.0148571,1.43959,-0.0126398598371283,0.69880084655194,NA,0.00388315037784028,0.6,32385,0.0184273103448583,1.00016394646415
"assessor_intercept[28,4]",-1.45338,-0.01218995,1.45824,-0.01042507909217,0.703638929288082,NA,0.0042519320294114,0.6,27386,0.021891233280133,1.00016823392501
"assessor_intercept[29,4]",-1.48574,-0.0183986,1.43299,-0.01686092671126,0.699389215885459,NA,0.00394286752525261,0.6,31464,0.019478759734774,1.00015744811604
"assessor_intercept[30,4]",-0.596638,0.2475165,1.12417,0.243281030764763,0.444283897372465,NA,0.00811551661890062,1.8,2997,0.253174264799545,1.0002663172695
"assessor_intercept[31,4]",-1.0941,-0.233502,0.60943,-0.22927517954443,0.431581280627387,NA,0.00694015808846828,1.6,3867,0.205150461708332,1.00055186575766
"assessor_intercept[32,4]",-1.46472,-0.0152307,1.47581,-0.017365595115528,0.704568351777283,NA,0.00389604567097863,0.6,32704,0.0227507859210411,1.00004612490839
"assessor_intercept[33,4]",-1.49119,-0.01365165,1.45435,-0.015906429616255,0.706022740787697,NA,0.00400240414617875,0.6,31117,0.0208281573915853,1.0002361115227
"assessor_intercept[34,4]",-1.47595,-0.0161398,1.43328,-0.016056372871463,0.693694554621732,NA,0.00381910495074193,0.6,32992,0.0193025348819903,1.000217649291
"assessor_intercept[35,4]",-1.46939,-0.0172752,1.47901,-0.0159335764846497,0.704980544596525,NA,0.00393557754734168,0.6,32088,0.0253109497502401,1.00017915799155
"assessor_intercept[36,4]",-1.46166,-0.00632121,1.44665,-0.00862027082162248,0.697623833176437,NA,0.00397631490557583,0.6,30781,0.0252003343811274,1.0000371242919
"assessor_intercept[37,4]",-1.50285,-0.0145152,1.39949,-0.013270043368494,0.697281547438913,NA,0.00392201841955947,0.6,31608,0.0239226849841189,1.0001100799293
"assessor_intercept[38,4]",-1.51108,-0.0136701,1.40198,-0.013700538439925,0.699397689209678,NA,0.00393815689147112,0.6,31540,0.026465532138775,1.00013859944608
"assessor_intercept[39,4]",-1.43965,-0.01306795,1.47941,-0.0114280977206545,0.697300246522273,NA,0.00398386293368995,0.6,30636,0.0245425108052205,1.00018195944664
"assessor_intercept[40,4]",-1.4549,-0.0137471,1.47044,-0.01273351909299,0.702478844516811,NA,0.00398040942790229,0.6,31147,0.0261341368918001,1.00004706273768
"assessor_intercept[41,4]",-1.50609,-0.02052945,1.4095,-0.01755744858472,0.699317004891747,NA,0.00392617838485074,0.6,31725,0.0219837910130617,1.00017942048955
"assessor_intercept[42,4]",-1.41501,-0.01379965,1.47371,-0.0118123633099675,0.696117979318831,NA,0.00392976041642616,0.6,31379,0.0249213745897443,1.00013267925366
"assessor_intercept[1,5]",-1.28563,0.160196,1.62347,0.16025194308354,0.6948283807953,NA,0.0040994232338586,0.6,28728,0.0221463574039569,1.00006938646868
"assessor_intercept[2,5]",-1.31089,0.1589675,1.58197,0.157893983223148,0.695726901664564,NA,0.00401290668510787,0.6,30058,0.020660791958086,1.0001901981309
"assessor_intercept[3,5]",-1.374,0.1514955,1.55705,0.150471037262377,0.697356746077202,NA,0.00396207675729919,0.6,30979,0.0179331272648336,1.00015522993586
"assessor_intercept[4,5]",-1.80522,-0.5949655,0.550199,-0.608178262766,0.679957434246441,NA,0.023577860734466,3.5,832,0.648144983503458,1.00077426406575
"assessor_intercept[5,5]",-1.30238,0.150663,1.5953,0.149672303191227,0.692800416098599,NA,0.00387807590715435,0.6,31914,0.0260726413816747,1.00016603540482
"assessor_intercept[6,5]",-1.31771,0.154946,1.5764,0.155317731638597,0.693820520432347,NA,0.00393820022272336,0.6,31038,0.0244875787165794,1.00012789272939
"assessor_intercept[7,5]",-1.24586,0.157599,1.64984,0.155029403659548,0.692846564056638,NA,0.00390894151152243,0.6,31416,0.0249242253023418,1.00003149171321
"assessor_intercept[8,5]",-1.2729,0.1540165,1.62285,0.148752307216597,0.696236085335008,NA,0.0039953787045403,0.6,30367,0.0201763370930543,1.00000121250317
"assessor_intercept[9,5]",-1.18066,-0.1923585,0.675423,-0.19873609846728,0.482288334698456,NA,0.0111550217364713,2.3,1869,0.360941767387377,1.00058328767023
"assessor_intercept[10,5]",-0.472613,0.3767665,1.23908,0.374898092110007,0.433031864862241,NA,0.00685075629513902,1.6,3995,0.211902493763915,1.00052682469935
"assessor_intercept[11,5]",-1.31146,0.151881,1.57976,0.148220192532294,0.695072807945032,NA,0.00391589811301389,0.6,31506,0.0231638531500726,1.00002990566225
"assessor_intercept[12,5]",-1.05506,-0.179489,0.741513,-0.17606927083222,0.463665626665043,NA,0.0100779411164669,2.2,2117,0.313587951806337,0.999988936936927
"assessor_intercept[13,5]",-1.31104,0.154467,1.60295,0.148545968169637,0.701775233655608,NA,0.00388161781672571,0.6,32687,0.0247588217523904,1.00012687976227
"assessor_intercept[14,5]",-1.30702,0.1575205,1.58951,0.153274733755189,0.694405616257742,NA,0.0038174704718992,0.5,33088,0.0224126339341783,1.0001126312277
"assessor_intercept[15,5]",-1.31411,0.160072,1.59474,0.15775033926454,0.697796715740478,NA,0.0038926339611268,0.6,32134,0.0228972312936501,1.00005644400761
"assessor_intercept[16,5]",-0.264902,0.758785,1.86834,0.779588381673493,0.600339256518563,NA,0.0188187918020767,3.1,1018,0.564322409223825,1.00075713799738
"assessor_intercept[17,5]",-0.545972,0.309603,1.13294,0.305791057401895,0.420166592671582,NA,0.0056196873781126,1.3,5590,0.158014561776272,1.00018210766028
"assessor_intercept[18,5]",-1.30411,0.1620715,1.59438,0.157536585062812,0.693957067800564,NA,0.00393713584632769,0.6,31067,0.0199054362424273,1.00015575067657
"assessor_intercept[19,5]",-0.918684,-0.0524472,0.806313,-0.0581939380054075,0.4425656993864,NA,0.00809766296287225,1.8,2987,0.254100627673065,1.00036896081543
"assessor_intercept[20,5]",-1.27331,0.1566745,1.61596,0.1510175348616,0.696477084285205,NA,0.00388663107312435,0.6,32112,0.0228744070387157,1.00022662267342
"assessor_intercept[21,5]",-1.36728,0.1555525,1.54755,0.148875151516252,0.695724672909706,NA,0.00411145054844105,0.6,28634,0.0237249930945429,1.00007204018502
"assessor_intercept[22,5]",-1.33964,0.1526245,1.60844,0.147442518585227,0.704168115350175,NA,0.00408968965405566,0.6,29646,0.0169784946449228,1.00011211084934
"assessor_intercept[23,5]",-1.29577,0.1513375,1.5958,0.152007952185429,0.696639135940334,NA,0.00407242805241269,0.6,29262,0.0237374024332534,1.00002640992607
"assessor_intercept[24,5]",-1.33517,0.1541195,1.54626,0.146873092435475,0.690252263461197,NA,0.0039203187197436,0.6,31001,0.0232466318844153,1.00003573693357
"assessor_intercept[25,5]",-1.31257,0.1537625,1.62485,0.15354706329128,0.701090939813418,NA,0.00403141780165692,0.6,30244,0.0256180980876485,1.00013401339885
"assessor_intercept[26,5]",-1.24539,0.1601725,1.62216,0.156221599291975,0.692483162700913,NA,0.00393281023584735,0.6,31004,0.0241428816932032,1.0001606390257
"assessor_intercept[27,5]",-1.27853,0.1538585,1.61675,0.14848354813757,0.695332820162793,NA,0.00397015266924851,0.6,30674,0.0246131723282973,1.00022982676212
"assessor_intercept[28,5]",-1.30213,0.1534675,1.61358,0.150202287397352,0.692738605916523,NA,0.00390665235405833,0.6,31443,0.0217090893352456,1.00012734615015
"assessor_intercept[29,5]",-1.25259,0.156651,1.64374,0.15475560819709,0.694145705264659,NA,0.00399979314444611,0.6,30118,0.0239220500765461,1.0000184808649
"assessor_intercept[30,5]",-1.30111,0.1577545,1.60288,0.15654666318685,0.695941779355868,NA,0.00398306788185973,0.6,30529,0.0215881039855189,1.00004033738064
"assessor_intercept[31,5]",-1.29817,0.158098,1.63316,0.154118114934439,0.69939925081567,NA,0.00398414364546653,0.6,30816,0.0204580449123055,1.00012771668538
"assessor_intercept[32,5]",-1.28284,0.155943,1.59412,0.153433978977966,0.69274700593507,NA,0.00385549780768006,0.6,32284,0.0211211880970608,1.00000533698744
"assessor_intercept[33,5]",-1.28405,0.1584425,1.60426,0.15598642681779,0.695164106752457,NA,0.00382070181363127,0.5,33105,0.0245492468511365,1.00003425032434
"assessor_intercept[34,5]",-1.2839,0.1521015,1.64139,0.15148038390614,0.700844192716285,NA,0.00391401231002244,0.6,32063,0.0226637510168536,1.00001446248827
"assessor_intercept[35,5]",-1.32253,0.1547945,1.57879,0.149521927629663,0.691359039741629,NA,0.00412578526413575,0.6,28080,0.0208080339968292,1.00005305177937
"assessor_intercept[36,5]",-0.276774,0.7904795,1.88082,0.800933465963375,0.609292940241751,NA,0.0192812579124862,3.2,999,0.578748161578527,1.00038910365204
"assessor_intercept[37,5]",-1.27926,0.1536955,1.59789,0.153597832780922,0.694673520350356,NA,0.00393471420457079,0.6,31170,0.0265160941924958,1.00011906239459
"assessor_intercept[38,5]",-0.542477,0.302231,1.13308,0.296554411181367,0.417085976464721,NA,0.00536668141780471,1.3,6040,0.15756060944328,1.00012113903699
"assessor_intercept[39,5]",-1.28789,0.1564495,1.60804,0.151985619712736,0.692525919515388,NA,0.00404327275962457,0.6,29336,0.0216357140349889,1.00014367901933
"assessor_intercept[40,5]",-1.3205,0.1602455,1.58661,0.154194300363315,0.697022459602537,NA,0.00399725355462286,0.6,30407,0.0183574570854598,1.00010612545438
"assessor_intercept[41,5]",-0.582535,0.2711825,1.08094,0.26415940825419,0.417734671485063,NA,0.00528182898252209,1.3,6255,0.159571926930239,1.0000955101488
"assessor_intercept[42,5]",-1.33866,0.159956,1.60159,0.158476932483187,0.702218781164368,NA,0.00394153905226206,0.6,31740,0.0241402443900702,1.00005333851883
"assessor_intercept[1,6]",-1.41802,0.0805539,1.54372,0.0735778735155925,0.715419552219816,NA,0.00441492620096426,0.6,26259,0.0303790188870878,1.00004921366446
"assessor_intercept[2,6]",-1.38993,0.0793679,1.58593,0.072340334045005,0.715722928062417,NA,0.00421082153653677,0.6,28891,0.0263054640685906,1.00013474898781
"assessor_intercept[3,6]",-1.45438,0.0769958,1.52484,0.069626026723645,0.714679799296527,NA,0.00438476181525251,0.6,26566,0.0326064820887702,1.00018683458216
"assessor_intercept[4,6]",-1.44559,0.07957115,1.53138,0.0710241663515675,0.715727555900093,NA,0.00455336155432616,0.6,24708,0.029491439252481,1.00010072600626
"assessor_intercept[5,6]",-1.66698,-0.5020815,0.5633,-0.530989318002662,0.623755176992498,NA,0.0201428496834659,3.2,959,0.571858029821537,1.00042961582555
"assessor_intercept[6,6]",-1.45461,0.0811895,1.52832,0.0714988166134672,0.717872508331833,NA,0.00410924028930831,0.6,30519,0.030196187336044,1.00011055946041
"assessor_intercept[7,6]",-1.40769,0.08262925,1.56659,0.072805612791215,0.715716336440939,NA,0.00441146752346525,0.6,26322,0.0294731860628605,0.999980971139488
"assessor_intercept[8,6]",-1.39473,0.08147405,1.60131,0.0760534054463025,0.720198664966645,NA,0.0040945812428797,0.6,30938,0.0273618842443333,1.00028015296245
"assessor_intercept[9,6]",-1.38543,0.0842395,1.59973,0.08077858167082,0.718796890845341,NA,0.0042050096789559,0.6,29220,0.0277767658060503,1.00026532096825
"assessor_intercept[10,6]",-1.41454,0.0767225,1.54674,0.069538283184475,0.716310201344853,NA,0.00412572647747962,0.6,30144,0.0281208005762753,1.00016865584429
"assessor_intercept[11,6]",-1.44649,0.08295105,1.54366,0.078688984940765,0.716200748087093,NA,0.00430023501893422,0.6,27739,0.0253360905173465,1.00024477013473
"assessor_intercept[12,6]",-1.42237,0.0817226,1.55719,0.0740427601034277,0.72020178261518,NA,0.00431725909121903,0.6,27829,0.0283545737519789,1.00010451460605
"assessor_intercept[13,6]",-1.44037,0.08178935,1.52611,0.0732354728522525,0.719046999658919,NA,0.00428849991411412,0.6,28113,0.0301509141570512,1.00024364071314
"assessor_intercept[14,6]",-1.39847,0.0840531,1.57687,0.080600206954365,0.715076717871216,NA,0.00437047390779658,0.6,26770,0.0269153749473697,1.00014422295658
"assessor_intercept[15,6]",-0.985524,-0.1363475,0.77596,-0.127035747063578,0.449195241201876,NA,0.00759577311089641,1.7,3497,0.235832018144117,1.00038672412299
"assessor_intercept[16,6]",-1.37978,0.07535575,1.57823,0.066635933932305,0.715260877118523,NA,0.00426761127362191,0.6,28090,0.0257201299660208,1.00017358054595
"assessor_intercept[17,6]",-1.44975,0.07690515,1.55199,0.072184634703501,0.724619341113014,NA,0.00430475904921614,0.6,28335,0.0297012890540524,1.0001769005829
"assessor_intercept[18,6]",-0.585591,0.3044845,1.1606,0.294353129328787,0.443561135193709,NA,0.00662365773038799,1.5,4484,0.209995718454648,1.00054108240815
"assessor_intercept[19,6]",-1.44883,0.0800101,1.53729,0.0704513047688025,0.721469050727519,NA,0.00466491672301916,0.6,23919,0.0329537009173084,1.0002806431188
"assessor_intercept[20,6]",-0.601556,0.3038365,1.15267,0.29284066864485,0.443183723432206,NA,0.00708717176257591,1.6,3910,0.218461779871107,1.00022493746507
"assessor_intercept[21,6]",-1.41136,0.08122795,1.54972,0.07510320103999,0.716202228416514,NA,0.00440368207675906,0.6,26451,0.0311474155494505,1.00014656129345
"assessor_intercept[22,6]",-1.40956,0.0819873,1.5421,0.0792571537292095,0.716281660296495,NA,0.00438733175264765,0.6,26654,0.027352063415733,1.00015401714082
"assessor_intercept[23,6]",-1.41734,0.0769807,1.55222,0.0741877201729,0.716573781967967,NA,0.004244339557771,0.6,28504,0.0326794086152976,1.0001082920371
"assessor_intercept[24,6]",-1.4435,0.07851955,1.5503,0.0721355542902655,0.720486324847143,NA,0.00435403827796786,0.6,27382,0.0274904467141254,1.0002174104539
"assessor_intercept[25,6]",-1.44699,0.0821231,1.54318,0.0730326661129375,0.720024449920719,NA,0.00438720012505121,0.6,26935,0.031492215079583,1.00041513554235
"assessor_intercept[26,6]",-0.574168,0.357068,1.25226,0.353097746133297,0.467024497005737,NA,0.00864272934607391,1.9,2920,0.28070857041393,1.00033057668858
"assessor_intercept[27,6]",-1.44348,0.07762635,1.54916,0.07603767879669,0.719864819567736,NA,0.00433586063140208,0.6,27565,0.0225700830978991,1.00005184498285
"assessor_intercept[28,6]",-1.40592,0.0799421,1.56001,0.0710611506502495,0.715162922739126,NA,0.00429410194822251,0.6,27737,0.0356978393870151,1.00002060717956
"assessor_intercept[29,6]",-1.41298,0.08028675,1.56657,0.0729581923480175,0.716780767735791,NA,0.00429148917580148,0.6,27897,0.0341201014205073,1.00026155082508
"assessor_intercept[30,6]",-1.40957,0.07518055,1.55798,0.0690427700572044,0.716569500638791,NA,0.00435583004187567,0.6,27063,0.0296083208833226,1.00012787423533
"assessor_intercept[31,6]",-1.37551,0.0756883,1.57643,0.071375123862805,0.715650015510521,NA,0.00424039227166988,0.6,28483,0.0284251778436598,1.00016431198325
"assessor_intercept[32,6]",-1.45672,0.0818885,1.51714,0.07688407967573,0.7151745653651,NA,0.00424816642757272,0.6,28341,0.0288106716785174,1.00013360532905
"assessor_intercept[33,6]",-1.40534,0.0700996,1.57265,0.0658188082335575,0.717414595385473,NA,0.00454799088531759,0.6,24883,0.0282102127788579,1.00005562161158
"assessor_intercept[34,6]",-1.42878,0.07456365,1.56086,0.071115141232055,0.720186474615516,NA,0.00413121852102904,0.6,30390,0.0238411936361901,1.00009479646652
"assessor_intercept[35,6]",-1.42942,0.08070195,1.51342,0.0702324313618723,0.71262715302393,NA,0.00432575198852358,0.6,27139,0.0277850847521496,1.00022752917392
"assessor_intercept[36,6]",-1.40008,0.0799903,1.56709,0.07235017360697,0.718915142044834,NA,0.00446159779218418,0.6,25964,0.0323589766735626,1.00015690555689
"assessor_intercept[37,6]",-1.40203,0.0773617,1.5589,0.0725561585107875,0.717326522679791,NA,0.00410117104637589,0.6,30593,0.0326386957215696,1.0000956024467
"assessor_intercept[38,6]",-1.37823,0.075837,1.59108,0.0690417393447625,0.717481512883862,NA,0.00454700655213112,0.6,24898,0.0343154332005197,1.00014922839519
"assessor_intercept[39,6]",-1.38568,0.078038,1.58526,0.0701768725439075,0.716785942054208,NA,0.00423980429120809,0.6,28582,0.0326972931980378,1.0001299966046
"assessor_intercept[40,6]",-0.659872,0.264634,1.06113,0.25156005997826,0.435266556043081,NA,0.00614642345970914,1.4,5015,0.190688115936578,1.00014639429744
"assessor_intercept[41,6]",-1.43114,0.075849,1.54112,0.066629687491925,0.718867198105438,NA,0.00436112761997386,0.6,27171,0.0296927786958361,1.00026659852452
"assessor_intercept[42,6]",-1.43571,0.0780214,1.53206,0.073387798792085,0.717719610303841,NA,0.00423270432439078,0.6,28752,0.0320386189649348,1.00034675084038
"assessor_intercept[1,7]",-1.91962,-0.4249855,0.99107,-0.420004240709232,0.704252842791252,NA,0.00409917971491638,0.6,29516,0.0262390268401562,1.00013361655318
"assessor_intercept[2,7]",-1.85802,-0.417613,1.09178,-0.415394218412,0.708596624749934,NA,0.00420427521431323,0.6,28406,0.0299385947592916,1.00018253576209
"assessor_intercept[3,7]",-1.8744,-0.4249535,1.0203,-0.424056900301727,0.699869040210763,NA,0.00423206431887641,0.6,27348,0.0303232697639015,1.00067039554998
"assessor_intercept[4,7]",-1.9212,-0.4270435,1.01785,-0.423070028081995,0.706897118169844,NA,0.00439507132012084,0.6,25869,0.028475427973463,1.00025941030002
"assessor_intercept[5,7]",-2.60165,-1.24396,-0.0256314,-1.27297919796027,0.744839151752288,NA,0.0269600861773262,3.6,763,0.692525245770483,1.00046562208927
"assessor_intercept[6,7]",-1.86427,-0.424372,1.07261,-0.424264484639993,0.706369971930757,NA,0.00431711214200682,0.6,26772,0.0238995224685713,1.0003378124242
"assessor_intercept[7,7]",-1.88011,-0.4248685,1.05695,-0.422066056156063,0.70536318178677,NA,0.0045131801760724,0.6,24426,0.0284018989152217,1.00019398388646
"assessor_intercept[8,7]",-1.88315,-0.4283525,1.07595,-0.427152633729495,0.708519486276027,NA,0.00445702843906623,0.6,25270,0.0282553066661077,1.00027636585346
"assessor_intercept[9,7]",-1.8747,-0.4222345,1.0485,-0.421864881176557,0.704457376449163,NA,0.00425442443795304,0.6,27417,0.0300119103075887,1.00027537408496
"assessor_intercept[10,7]",-1.89634,-0.427075,1.04364,-0.42746907770399,0.706804769598903,NA,0.00426457466499975,0.6,27469,0.0250360525546248,1.00029775425443
"assessor_intercept[11,7]",-1.8718,-0.4177645,1.07005,-0.416927430463145,0.706943763489613,NA,0.00436322917643109,0.6,26251,0.0299843130184176,1.00027806587997
"assessor_intercept[12,7]",-1.90582,-0.4206195,1.02465,-0.417483377370575,0.707877081511883,NA,0.00431616363410138,0.6,26898,0.0288297565270267,1.00023372180135
"assessor_intercept[13,7]",-1.21302,-0.4000415,0.484137,-0.387016034227138,0.42072856644338,NA,0.00470405170729019,1.1,7999,0.145941042620725,1.00136782460795
"assessor_intercept[14,7]",-1.82732,-0.4311205,1.09589,-0.424566353698675,0.705057640488104,NA,0.00441515072253821,0.6,25501,0.027227890507993,1.0001776526606
"assessor_intercept[15,7]",-1.81506,-0.8664295,0.120422,-0.868609078580675,0.524616225511418,NA,0.0145875527276531,2.8,1293,0.440331927053114,1.00065142951673
"assessor_intercept[16,7]",-1.98342,-0.424531,0.983747,-0.425252491253145,0.708379014778074,NA,0.0042464860230891,0.6,27827,0.0314174534443668,1.00030718237216
"assessor_intercept[17,7]",-1.88928,-0.4233625,1.04991,-0.425204234873905,0.709119608653124,NA,0.0044251749903349,0.6,25679,0.0287421368441155,1.00055757754122
"assessor_intercept[18,7]",-1.88904,-0.4219525,1.0295,-0.422461783583298,0.702622726697456,NA,0.00429607315454491,0.6,26749,0.0304250060019091,1.00046402463316
"assessor_intercept[19,7]",-1.93313,-0.425242,1.00747,-0.422457923842,0.707426732759613,NA,0.00433558103920343,0.6,26624,0.0238720774335835,1.00038373307183
"assessor_intercept[20,7]",-1.87113,-0.426627,1.03603,-0.42309188471104,0.702737959997674,NA,0.00421495858101746,0.6,27797,0.0280958511840065,1.00047990727562
"assessor_intercept[21,7]",-1.9392,-0.4224255,1.01515,-0.421312069435803,0.710518332264534,NA,0.00428028005054751,0.6,27555,0.0317542053737591,1.00025863997885
"assessor_intercept[22,7]",-0.815915,0.3377215,1.66916,0.378327614401773,0.719245327253864,NA,0.0243852835238485,3.4,870,0.671666819463932,1.00126329222566
"assessor_intercept[23,7]",-1.89757,-0.432603,1.05007,-0.434090326236843,0.708464232212189,NA,0.00428321012238773,0.6,27359,0.0266979029685384,1.00032905712399
"assessor_intercept[24,7]",-1.92865,-0.426854,0.982407,-0.424244539008834,0.702325966998715,NA,0.00429407497176284,0.6,26751,0.0285293343511751,1.00030076097733
"assessor_intercept[25,7]",-1.8527,-0.4190425,1.05649,-0.419713972056477,0.701651795458218,NA,0.00441476291904982,0.6,25260,0.0292723444745758,1.00057350929393
"assessor_intercept[26,7]",-1.84133,-0.4252235,1.07507,-0.423145183701213,0.702614719874101,NA,0.00450493267200585,0.6,24325,0.0227416742230058,1.00027305754719
"assessor_intercept[27,7]",-1.89639,-0.9244265,0.107117,-0.91988068815588,0.543657676762243,NA,0.0151838751681967,2.8,1282,0.473215591811993,1.00082023416574
"assessor_intercept[28,7]",-1.86908,-0.426026,1.07,-0.420566673547318,0.707301732426908,NA,0.00433498050593625,0.6,26622,0.0296283545605104,1.00038428652015
"assessor_intercept[29,7]",-1.34627,-0.483645,0.327446,-0.48592228506593,0.414974663921387,NA,0.00465154138128607,1.1,7959,0.134624638004361,1.00067381683264
"assessor_intercept[30,7]",-1.84762,-0.4200935,1.09367,-0.416618304230447,0.709197796724588,NA,0.00440383650408815,0.6,25934,0.0279402505120229,1.00030273293652
"assessor_intercept[31,7]",-1.84122,-0.420348,1.04937,-0.420423750024502,0.699574587666036,NA,0.00425281048281277,0.6,27059,0.0288195881594965,1.00018635229869
"assessor_intercept[32,7]",-1.00135,-0.04883635,0.873199,-0.043867845216285,0.497962092268139,NA,0.0121180627908366,2.4,1689,0.378368382760642,1.00077240245602
"assessor_intercept[33,7]",-1.8743,-0.420994,1.05951,-0.41758692754105,0.707968908461132,NA,0.00429165525461483,0.6,27213,0.0249806237735552,1.0002645697025
"assessor_intercept[34,7]",-1.33491,-0.4898425,0.339613,-0.492389712768563,0.417618891419983,NA,0.00473154262162443,1.1,7790,0.142121170929258,1.00043897396368
"assessor_intercept[35,7]",-1.90354,-0.4188105,1.04419,-0.423044320417125,0.706015585350023,NA,0.00426098052228744,0.6,27454,0.0274157231944107,1.00014909010179
"assessor_intercept[36,7]",-1.86637,-0.4215565,1.04215,-0.420581936944277,0.702271127515759,NA,0.00441644625169448,0.6,25285,0.0243089600241997,1.00033647968619
"assessor_intercept[37,7]",-1.85797,-0.4269975,1.0593,-0.42066627559687,0.702780965981683,NA,0.00450813711741176,0.6,24302,0.0268540921109324,1.00060443359539
"assessor_intercept[38,7]",-1.81191,-0.4243635,1.11488,-0.419062675207078,0.704564466270406,NA,0.0045626354796046,0.6,23846,0.0267750618018525,1.00031828809342
"assessor_intercept[39,7]",-1.95405,-0.4256425,0.975902,-0.42607237746691,0.703550268947076,NA,0.00411131218523627,0.6,29284,0.0251085043153801,1.00015308738316
"assessor_intercept[40,7]",-1.87629,-0.4277065,1.06968,-0.425431093531625,0.706431335752248,NA,0.00424733461728483,0.6,27663,0.031204728818881,1.00007650014157
"assessor_intercept[41,7]",-1.91259,-0.4239465,0.998616,-0.42072219437606,0.704602025760018,NA,0.00425496859951377,0.6,27422,0.0264274153484248,1.00027718696359
"assessor_intercept[42,7]",-1.91268,-0.4245885,1.02494,-0.42437560447298,0.707357657491879,NA,0.00441811066780902,0.6,25633,0.0302547236050597,1.00031284371468
"assessor_intercept[1,8]",-1.32033,0.186983,1.56216,0.178158726147522,0.691542482124211,NA,0.00399798427417491,0.6,29920,0.0244996111653149,1.00019914277115
"assessor_intercept[2,8]",-1.24098,0.1777355,1.62692,0.17033686237449,0.687419897810052,NA,0.00398525038985002,0.6,29753,0.0249877310559373,1.00008186495828
"assessor_intercept[3,8]",-1.29605,0.187377,1.60275,0.179509043650957,0.690812782480429,NA,0.00387603802794867,0.6,31765,0.0270114739755246,1.00035783080761
"assessor_intercept[4,8]",-1.20387,0.1900965,1.70466,0.182416193290133,0.695097536213421,NA,0.0041640425857044,0.6,27865,0.0242737662725559,1.00015625612729
"assessor_intercept[5,8]",-1.25126,0.1863995,1.63289,0.177564328660492,0.690121577662872,NA,0.00384248182046783,0.6,32257,0.0184538827473932,1.00043565467472
"assessor_intercept[6,8]",-1.27367,0.1851045,1.60171,0.178817922196713,0.687318584012861,NA,0.00377109256892174,0.5,33219,0.0235794768772038,1.00002347701152
"assessor_intercept[7,8]",-0.973836,-0.1007395,0.774815,-0.104292564239972,0.454465804068378,NA,0.0100826763147552,2.2,2032,0.292540915071983,1.00008462374941
"assessor_intercept[8,8]",-1.68923,-0.5202435,0.573481,-0.540084066737822,0.65839412733749,NA,0.0225595146119379,3.4,852,0.635049117883742,1.00060732592066
"assessor_intercept[9,8]",-1.29696,0.1855775,1.58319,0.17829748195037,0.688690805577197,NA,0.00378216015094909,0.5,33157,0.0225573129078098,1.00017385790394
"assessor_intercept[10,8]",-1.20765,0.1837375,1.70449,0.178687913978606,0.69335882969154,NA,0.00400419853028366,0.6,29984,0.0243475693409736,1.00020871539171
"assessor_intercept[11,8]",-0.484493,0.3555295,1.19156,0.35441738934071,0.41785084724826,NA,0.0059699046417755,1.4,4899,0.171674744455873,1.0007455203706
"assessor_intercept[12,8]",-0.247376,0.7937045,1.87743,0.81338458330398,0.602850936436747,NA,0.0198249960300544,3.3,925,0.572841510896575,1.00108688943656
"assessor_intercept[13,8]",-1.299,0.187272,1.60933,0.17633455985483,0.691029167827429,NA,0.00403527738402765,0.6,29326,0.0223396300466776,1.00024911121082
"assessor_intercept[14,8]",-0.461912,0.3405435,1.18446,0.342590290816167,0.411520724872686,NA,0.00542066956269714,1.3,5763,0.15634090716471,1.00153146347322
"assessor_intercept[15,8]",-1.26999,0.185011,1.61003,0.178673215424735,0.688132943417567,NA,0.00395823562530682,0.6,30223,0.0245019970206254,1.0002803328365
"assessor_intercept[16,8]",-1.27605,0.187412,1.61295,0.1762195241136,0.692193653237042,NA,0.00383627611302823,0.6,32556,0.0231470045746045,1.00024599622763
"assessor_intercept[17,8]",-0.501797,0.328187,1.13649,0.32341130693075,0.4104289044805,NA,0.00499418560704546,1.2,6754,0.145530049400856,1.00033506225006
"assessor_intercept[18,8]",-1.29699,0.184836,1.60036,0.178112972582096,0.693117392332633,NA,0.00384726259701339,0.6,32457,0.0255868565976977,1.00017667234438
"assessor_intercept[19,8]",-1.68799,-0.5050995,0.577969,-0.531238027037597,0.657527332541953,NA,0.0219239381284295,3.3,899,0.63133975343426,1.00075207639529
"assessor_intercept[20,8]",-1.31804,0.1877115,1.58648,0.175303774502224,0.694549113907608,NA,0.00414463958180836,0.6,28082,0.0221331643839108,1.00044577517671
"assessor_intercept[21,8]",-0.958637,-0.0935851,0.782404,-0.10131526285145,0.452074476135196,NA,0.00985326999554028,2.2,2105,0.286426076694238,1.00034721899178
"assessor_intercept[22,8]",-1.26622,0.185252,1.64201,0.175531059616365,0.693262755116483,NA,0.0040221703067488,0.6,29708,0.0186973858328718,1.00022334740083
"assessor_intercept[23,8]",-1.23633,0.1867405,1.65235,0.177043197732225,0.691159316164704,NA,0.00408620085226409,0.6,28610,0.0192494343033121,1.00012479030397
"assessor_intercept[24,8]",-1.23219,0.1861175,1.63369,0.17605373961576,0.686267479474838,NA,0.0038752460640562,0.6,31361,0.0259872661662782,1.00016179557893
"assessor_intercept[25,8]",-1.22543,0.1812055,1.6821,0.176569523010008,0.692088548530739,NA,0.00398076032173366,0.6,30227,0.0227882871035365,1.00039669036956
"assessor_intercept[26,8]",-1.30631,0.1867575,1.60727,0.174011356802845,0.695792638208873,NA,0.00377649545721094,0.5,33945,0.0238328951046273,1.00007560293358
"assessor_intercept[27,8]",-1.26435,0.1859015,1.62317,0.179419589980602,0.689131618113611,NA,0.00395056274281191,0.6,30429,0.0216780513086273,1.00017294766448
"assessor_intercept[28,8]",-1.25079,0.1935385,1.62325,0.184338072169268,0.689002971730477,NA,0.00400212097861212,0.6,29639,0.0184846976917427,1.00006954193254
"assessor_intercept[29,8]",-1.28542,0.1821055,1.59291,0.178067297082965,0.685812975974247,NA,0.00395073743364038,0.6,30134,0.0249238343680209,1.00005157661385
"assessor_intercept[30,8]",-1.2348,0.1868715,1.63026,0.180774177008344,0.68646254792848,NA,0.00396337983849786,0.6,29999,0.0268751114721704,1.00014558073077
"assessor_intercept[31,8]",-0.467394,0.3574285,1.18481,0.35810280686688,0.416125746045917,NA,0.00578278451711037,1.4,5178,0.173805444577639,1.00057553034815
"assessor_intercept[32,8]",-1.26449,0.184252,1.60227,0.175893253337198,0.683691147029448,NA,0.00394179789869708,0.6,30084,0.0214837072838453,1.00017932663835
"assessor_intercept[33,8]",-1.26848,0.1886695,1.63685,0.181800388835615,0.693814069412537,NA,0.00388250249838306,0.6,31935,0.0219366721965262,1.00011376032876
"assessor_intercept[34,8]",-1.29844,0.181091,1.5762,0.171196670481955,0.68855997070211,NA,0.00398254355448881,0.6,29893,0.0268725409762377,1.00008805703102
"assessor_intercept[35,8]",-1.23742,0.1878775,1.65908,0.18080281344326,0.689388091833343,NA,0.00406146204843594,0.6,28811,0.0212766496046725,1.00020280837489
"assessor_intercept[36,8]",-1.25963,0.1888055,1.62361,0.179493425324204,0.688990683598111,NA,0.00407188775938221,0.6,28631,0.0256132211827784,1.00011797513299
"assessor_intercept[37,8]",-0.229219,0.8152295,1.92618,0.83110447978317,0.611153706917515,NA,0.019137762329007,3.1,1020,0.580888202130705,1.0010614034384
"assessor_intercept[38,8]",-1.2266,0.1884795,1.62815,0.182224942972183,0.685216519896549,NA,0.00395938495596817,0.6,29950,0.02190980239383,1.00009616405937
"assessor_intercept[39,8]",-1.24607,0.1849665,1.63534,0.178484222595708,0.690504868709065,NA,0.00410264699657338,0.6,28327,0.0235492480861872,1.00008444005856
"assessor_intercept[40,8]",-1.27511,0.186267,1.61214,0.179191102745458,0.692252869447189,NA,0.00406572486893924,0.6,28990,0.0240716254260651,1.00036100203951
"assessor_intercept[41,8]",-0.237962,0.744207,1.81448,0.77010646260319,0.577941873404164,NA,0.0170477747284925,2.9,1149,0.542316490046469,1.00047520559774
"assessor_intercept[42,8]",-0.973827,-0.09735205,0.762289,-0.10013596876686,0.451284843294733,NA,0.00930423629785756,2.1,2353,0.274913250833527,1.00078391213119
"assessor_intercept[1,9]",-1.07903,0.4032705,1.86352,0.408028683549312,0.707072045645631,NA,0.00398815922518161,0.6,31433,0.0272204952840658,1.00011151185817
"assessor_intercept[2,9]",-1.06076,0.4079685,1.87938,0.413484407127932,0.708124644820462,NA,0.00406419401318216,0.6,30358,0.0294386416812621,1.00006420233227
"assessor_intercept[3,9]",-1.07792,0.4028475,1.87369,0.411106809389487,0.707147973418314,NA,0.00396632460996072,0.6,31787,0.0250083659574494,1.00010461370845
"assessor_intercept[4,9]",-1.0737,0.4061495,1.83691,0.412499951243931,0.703768977537698,NA,0.00393255482914224,0.6,32027,0.0270617874801775,1.00022283238969
"assessor_intercept[5,9]",-1.10801,0.415117,1.84526,0.418471967139833,0.712228877002605,NA,0.00429671367141956,0.6,27477,0.0240425347377058,1.00004379528198
"assessor_intercept[6,9]",-1.03597,0.4044405,1.90931,0.411084324740131,0.70820536833957,NA,0.00391301002895576,0.6,32756,0.020463213970032,1.00004205948531
"assessor_intercept[7,9]",-1.06796,0.4040285,1.85825,0.413933550486531,0.708197820608239,NA,0.00402528111120353,0.6,30954,0.0254264528476992,1.00008429643529
"assessor_intercept[8,9]",-1.02967,0.403007,1.90233,0.413371662181762,0.708075335879632,NA,0.00404166227404791,0.6,30693,0.0231682355551064,1.00000130923108
"assessor_intercept[9,9]",-1.08213,0.410767,1.86884,0.414743187106045,0.705293449300166,NA,0.00405286732202308,0.6,30284,0.0252136078080495,1.00005349001198
"assessor_intercept[10,9]",-1.02153,0.4045315,1.93327,0.411766482667927,0.706714881980246,NA,0.00401167065449389,0.6,31034,0.0236984392942002,1.00007148342241
"assessor_intercept[11,9]",-1.02205,0.407603,1.91505,0.411303294928422,0.706502980976319,NA,0.00420021673501219,0.6,28293,0.0299020176417587,1.00011760353141
"assessor_intercept[12,9]",-1.08578,0.407384,1.86583,0.415389302239388,0.710779506790479,NA,0.00408784717949893,0.6,30233,0.0237740657016367,1.00015071935044
"assessor_intercept[13,9]",-1.04227,0.407618,1.913,0.419217372374387,0.709234549206468,NA,0.00407397074065899,0.6,30307,0.0250109443116391,1.00010735854215
"assessor_intercept[14,9]",-1.07601,0.406294,1.88275,0.413418948349345,0.709651954472091,NA,0.00418232481073977,0.6,28791,0.0270097437864289,1.00004368229029
"assessor_intercept[15,9]",-1.08482,0.4054645,1.8478,0.41203867684577,0.708212187297546,NA,0.0041026958971002,0.6,29798,0.0224901670622905,1.00005915063358
"assessor_intercept[16,9]",-1.07556,0.403064,1.87014,0.411016343776058,0.708837334416612,NA,0.00390146308631608,0.6,33009,0.026967715777871,1.0001048450634
"assessor_intercept[17,9]",-1.08257,0.408154,1.86419,0.413427911678953,0.707386820346825,NA,0.00404454190575206,0.6,30590,0.0228482963730348,1.00011503291695
"assessor_intercept[18,9]",-1.09233,0.4064045,1.86249,0.409174556341322,0.708035733460207,NA,0.00394450694042086,0.6,32220,0.0278155569832971,1.00003578146142
"assessor_intercept[19,9]",-1.08446,0.404196,1.86211,0.41010017213781,0.706756573284257,NA,0.00400025455642528,0.6,31215,0.0222468773917911,1.00007546375911
"assessor_intercept[20,9]",-1.06387,0.405627,1.8857,0.412107388260816,0.709114346346859,NA,0.00393497367826068,0.6,32475,0.0281143189298021,1.00018629971281
"assessor_intercept[21,9]",-1.05679,0.4027275,1.88844,0.41386094248124,0.709835770488648,NA,0.00407787607384626,0.6,30300,0.0273966236862043,1.00011410591122
"assessor_intercept[22,9]",-1.08097,0.411273,1.86902,0.417135461971762,0.709037124102473,NA,0.00415447562574656,0.6,29128,0.0246320892035457,1.00017729259519
"assessor_intercept[23,9]",-1.03297,0.4045015,1.92916,0.411928956418673,0.709747887037598,NA,0.00412110556668788,0.6,29661,0.0252235655206765,1.00008544758352
"assessor_intercept[24,9]",-1.05699,0.4037555,1.88292,0.40981822465937,0.706097052388778,NA,0.00401762628402505,0.6,30888,0.0243357531001993,1.00004232714986
"assessor_intercept[25,9]",-1.13122,0.4049325,1.84055,0.415270560543432,0.710667397642965,NA,0.00395829241228993,0.6,32234,0.0240943065170414,1.00001305794896
"assessor_intercept[26,9]",-1.68451,-0.4265905,0.811247,-0.44884516956687,0.732662469679598,NA,0.0265593872720944,3.6,761,0.678129071718112,1.00117275259438
"assessor_intercept[27,9]",-1.02699,0.4027205,1.91281,0.408740317174567,0.710759478477417,NA,0.00418221939065107,0.6,28882,0.0223946392584347,1.00024860302762
"assessor_intercept[28,9]",-1.10259,0.4067915,1.85072,0.414162498980203,0.709702618514435,NA,0.00405330457728843,0.6,30657,0.0250258513587461,1.00016579616814
"assessor_intercept[29,9]",-0.0591677,0.9162285,1.94826,0.915898892526328,0.550961244332141,NA,0.0158326615141338,2.9,1211,0.479741427099468,1.00056532023087
"assessor_intercept[30,9]",-1.04033,0.406433,1.8984,0.414702237553342,0.710042481176933,NA,0.00416165954658532,0.6,29110,0.026625054929844,1.00010504232871
"assessor_intercept[31,9]",-1.0479,0.406503,1.87018,0.413309081431588,0.70486265072675,NA,0.00417378992979019,0.6,28520,0.0246841069318521,1.00014026012566
"assessor_intercept[32,9]",-0.117925,0.8588185,1.82928,0.867270687603863,0.535401660138242,NA,0.0152195849131681,2.8,1238,0.454007161796994,1.0000377020382
"assessor_intercept[33,9]",-0.34817,0.4783725,1.31164,0.476638374910695,0.414294405495145,NA,0.00433300816106385,1,9142,0.1186298941445,1.00004180404022
"assessor_intercept[34,9]",-0.103677,0.906634,1.88262,0.90339283741445,0.545837809790824,NA,0.0159498218079121,2.9,1171,0.47293265446128,1.00047800991779
"assessor_intercept[35,9]",-0.0929532,0.90726,1.89301,0.909309055921025,0.54760881708628,NA,0.0160516481338709,2.9,1164,0.476793426195673,1.00096153721498
"assessor_intercept[36,9]",-1.01082,-0.0414298,0.93865,-0.0447017265190008,0.519928936845786,NA,0.0137195478444478,2.6,1436,0.417832381283956,1.00074995988387
"assessor_intercept[37,9]",-1.0605,0.401492,1.87277,0.409887748045258,0.704311206597342,NA,0.00390911573871979,0.6,32462,0.0223066994761255,1.00016431369192
"assessor_intercept[38,9]",-1.08354,0.404366,1.8605,0.41202943052286,0.709219948647565,NA,0.00415576647451011,0.6,29125,0.023822158456585,1.00027714332091
"assessor_intercept[39,9]",-1.03723,0.4035565,1.90731,0.408698645017357,0.706088445340228,NA,0.00398679182796326,0.6,31367,0.0247805789485464,1.00010783327276
"assessor_intercept[40,9]",-1.09325,0.4035675,1.86016,0.410248751388197,0.706595981794169,NA,0.00421459794708796,0.6,28108,0.0253825036726043,1.00014950495119
"assessor_intercept[41,9]",-1.08759,0.40595,1.87877,0.41320674601294,0.712408233504923,NA,0.0040360591062611,0.6,31156,0.0245056987062023,1.00004984766274
"assessor_intercept[42,9]",-1.06547,0.404985,1.88076,0.412043513466805,0.706991812876071,NA,0.00413185559826412,0.6,29278,0.0257480936054821,1.00001950230514
"nu[1]",-0.669194,-0.1921805,0.284816,-0.188603993507013,0.243285777335541,NA,0.00238113942212947,1,10439,0.164825993260335,1.00048542528971
"nu[2]",-0.641201,-0.131408,0.376124,-0.130453689090805,0.260049278236348,NA,0.00259021283257367,1,10080,0.16053982751064,1.00030853419416
"nu[3]",-0.475115,0.009754045,0.563894,0.012122404224672,0.265664682496372,NA,0.00290054894302222,1.1,8389,0.188005829870158,1.0011799709825
"nu[4]",-0.548269,-0.0175932,0.506659,-0.01523661943691,0.270461552344669,NA,0.00256856356567183,0.9,11087,0.15850434386471,1.00044534705054
"nu[5]",-0.363489,0.154827,0.668124,0.152514313730821,0.261650777689978,NA,0.00259854884698248,1,10139,0.16050967882603,1.00017190586763
"nu[6]",-0.530334,0.07140585,0.693902,0.0717002518605017,0.311199703438225,NA,0.00319242713517929,1,9502,0.163393989545117,1.00032908710401
"nu[7]",-0.957691,-0.4262665,0.152305,-0.423252549056968,0.283848578173554,NA,0.00307155896830065,1.1,8540,0.173462773706916,1.00119388318539
"nu[8]",-0.302779,0.1814845,0.656998,0.178162254457883,0.244425716738337,NA,0.0025920353793159,1.1,8892,0.182120175612608,1.00059401977582
"nu[9]",-0.159229,0.4122625,0.977603,0.412791163906488,0.292131850046788,NA,0.00278156092284038,1,11030,0.144771676215636,1.00006667049147
"sigma",0.03488,0.6568435,1.00725,0.59962880756915,0.283141766228522,NA,0.0121822284348481,4.3,540,0.905818262252584,1.00107549610402
