"candidate_id","proposal_id","reviewer_id","A_mean","D_mean","E_mean","A_rank","D_rank","E_rank","A_plugin","D_plugin","E_plugin","A_plugin_rank","D_plugin_rank","E_plugin_rank"
176,"P026","R02",0.000305354423679503,0.0652031038503707,0.00019297853490485,1,1,18,0.000101840658779205,0.0489489121263375,2.80893034143095e-05,1,1,29
29,"P005","R02",0.000305339638140604,0.0651949002048494,0.000284528255183352,2,3,1,0.000101832268662382,0.0489476984262734,4.57527357350176e-05,2,2,1
99,"P015","R02",0.000305339638140604,0.0651949002048494,0.000284528255183351,3,2,2,0.000101832268662382,0.0489476984262734,4.57527357350176e-05,3,3,1
219,"P032","R02",0.000305192315040644,0.0651801264508983,0.000245394710034651,4,4,5,0.000101823335657051,0.0489464037450333,3.97678435732213e-05,4,4,7
198,"P029","R02",0.000305192315040644,0.0651801264508983,0.00024539471003465,4,5,6,0.000101823335657051,0.0489464037450333,3.97678435732282e-05,4,6,6
233,"P034","R02",0.000305192315040644,0.0651801264508983,0.000245394710034649,4,5,7,0.000101823335657051,0.0489464037450333,3.97678435732421e-05,4,5,5
120,"P018","R02",0.000304432006732603,0.0651372301703202,7.63966017580099e-05,7,7,95,0.000101811513599357,0.0489436903562338,1.2006410050773e-05,8,7,114
30,"P005","R03",0.000304420101241495,0.0650066576101124,0.000257964991910068,8,41,3,0.000101557997671227,0.0488150517823234,4.28784686882164e-05,61,61,4
100,"P015","R03",0.000304420101241495,0.0650066576101123,0.000257964991910067,9,42,4,0.000101557997671227,0.0488150517823234,4.28784686882303e-05,62,61,3
31,"P005","R04",0.000304385675579457,0.0650051235844631,0.000218309084520531,10,43,11,0.000101556762970588,0.0488149640456348,3.49750397421536e-05,63,63,12
101,"P015","R04",0.000304385675579457,0.0650051235844631,0.00021830908452053,10,44,12,0.000101556762970588,0.0488149640456348,3.49750397421814e-05,64,63,11
35,"P005","R09",0.000304256096651905,0.0649975860899083,0.000201804754842538,12,45,16,0.000101556512393099,0.0488148206205767,3.42111025824973e-05,65,65,14
105,"P015","R09",0.000304256096651905,0.0649975860899083,0.000201804754842538,13,46,16,0.000101556512393099,0.0488148206205767,3.4211102582539e-05,65,65,13
181,"P026","R07",0.000304211434776705,0.0651219945468604,8.614330481546e-05,14,9,91,0.000101816060932204,0.0489432874772234,1.71006429474999e-05,7,9,80
230,"P033","R07",0.000304162975271043,0.065122411806341,1.44680482140931e-06,15,8,275,0.000101801678212154,0.0489432986159672,4.54829660608003e-07,9,8,251
223,"P032","R07",0.000304161761241545,0.065108260561916,0.000120915303272559,16,10,59,0.000101799734283817,0.0489410232136787,2.61666485547735e-05,10,10,36
202,"P029","R07",0.000304161761241545,0.065108260561916,0.000120915303272558,16,11,60,0.000101799734283817,0.0489410232136787,2.61666485547735e-05,10,11,36
237,"P034","R07",0.000304161761241545,0.065108260561916,0.000120915303272558,16,12,61,0.000101799734283817,0.0489410232136787,2.61666485547665e-05,10,11,38
177,"P026","R03",0.000304002258669986,0.064980043282871,0.00017785929188956,19,49,26,0.000101555100728496,0.0488135252284867,2.64167408403557e-05,67,68,35
178,"P026","R04",0.000303953498032197,0.0649778872199372,0.000156910351248106,20,51,31,0.000101553831401069,0.0488134318530964,2.30627341095205e-05,68,69,56
86,"P013","R02",0.000303946806461323,0.0650993124352134,0.00011496244874666,21,13,62,0.00010179229968245,0.0489408857618531,2.06021848909096e-05,13,13,62
121,"P018","R03",0.000303906536595239,0.0649786609400931,6.47448579816626e-05,22,50,115,0.000101547684244732,0.0488135693563623,1.0706064327369e-05,70,67,125
182,"P026","R09",0.000303859984638071,0.0649719054290215,0.000137822803370771,23,54,51,0.000101553656875394,0.0488133005075099,2.12697902927036e-05,69,70,59
199,"P029","R03",0.000303809114765163,0.0649560787232708,0.000231665800364423,24,58,8,0.000101537391181251,0.0488110120876761,3.82628771780358e-05,71,73,9
220,"P032","R03",0.000303809114765163,0.0649560787232708,0.000231665800364421,25,59,9,0.000101537391181251,0.0488110120876761,3.82628771780497e-05,72,71,8
234,"P034","R03",0.000303809114765163,0.0649560787232708,0.000231665800364421,25,59,10,0.000101537391181251,0.0488110120876761,3.8262877178015e-05,72,72,10
200,"P029","R04",0.000303758592210086,0.0649538770856102,0.00020745864093586,27,61,13,0.000101536118706517,0.0488109185887481,3.40816837500826e-05,74,76,16
221,"P032","R04",0.000303758592210086,0.0649538770856102,0.000207458640935859,27,61,14,0.000101536118706517,0.0488109185887481,3.40816837500549e-05,76,74,17
235,"P034","R04",0.000303758592210086,0.0649538770856101,0.000207458640935857,27,63,15,0.000101536118706517,0.0488109185887481,3.40816837500965e-05,74,75,15
203,"P029","R09",0.000303670233302688,0.0649481040418699,0.000183903839991936,30,64,24,0.000101535947929523,0.0488107876712724,3.17702444713602e-05,77,79,19
238,"P034","R09",0.000303670233302688,0.0649481040418699,0.000183903839991936,30,64,25,0.000101535947929523,0.0488107876712724,3.17702444713949e-05,77,78,18
224,"P032","R09",0.000303670233302688,0.0649481040418699,0.000183903839991937,32,64,23,0.000101535947929523,0.0488107876712724,3.17702444713325e-05,79,77,20
40,"P006","R07",0.000303615651645741,0.0650728039937122,8.23093467791885e-06,33,16,233,0.000101774339200091,0.0489383689722737,3.58132485479834e-07,22,18,257
12,"P002","R07",0.000303615651645741,0.0650728039937122,8.23093467791824e-06,33,16,234,0.000101774339200091,0.0489383689722738,3.5813248550759e-07,21,17,256
159,"P023","R07",0.000303615651645741,0.0650728039937122,8.23093467791796e-06,35,18,235,0.000101774339200091,0.0489383689722737,3.58132485472895e-07,23,19,258
226,"P033","R02",0.000303588961176719,0.0650751403588818,2.73573570730336e-05,36,14,181,0.000101782840532579,0.0489385754759067,2.66456242589003e-06,17,14,198
240,"P035","R02",0.000303576549155795,0.0650747629005475,4.09760161012186e-05,37,15,157,0.000101782803398527,0.0489385728626732,5.3064911470016e-06,18,15,159
276,"P040","R04",0.000303497433433281,0.0649463035205885,6.62239983271133e-05,38,68,105,0.00010152205143422,0.048810011868902,9.12889660929089e-06,83,81,138
136,"P020","R04",0.000303497433433281,0.0649463035205885,6.62239983271127e-05,39,67,106,0.00010152205143422,0.048810011868902,9.12889660933947e-06,82,82,137
274,"P040","R02",0.000303465231136959,0.0650613693006498,0.000100383943144248,40,21,75,0.000101768329231891,0.0489356461312779,1.3455061277555e-05,25,24,104
134,"P020","R02",0.000303465231136958,0.0650613693006498,0.000100383943144247,41,21,76,0.000101768329231891,0.0489356461312778,1.3455061277555e-05,25,25,104
245,"P035","R07",0.000303458350895609,0.0650686431014918,5.22912931024865e-06,42,19,246,0.000101780993900738,0.0489383739661415,1.62601313341559e-06,19,16,210
251,"P036","R07",0.000303437516397526,0.0650677423266789,1.33152330091538e-07,43,20,294,0.000101780906506747,0.0489383637672693,1.4456456462475e-08,20,20,289
103,"P015","R07",0.000303402121140494,0.0650528799616531,0.00014819509942408,44,24,39,0.000101786073702605,0.0489369234412842,3.15575987512653e-05,15,22,22
33,"P005","R07",0.000303402121140494,0.0650528799616531,0.00014819509942408,45,25,38,0.000101786073702605,0.0489369234412842,3.15575987513486e-05,15,23,21
87,"P013","R03",0.000303392866500289,0.0649398740776862,0.000100678282298911,46,69,74,0.00010152808564149,0.0488107602775128,1.90024659767266e-05,80,80,71
124,"P018","R07",0.000303364073994544,0.0650591730094874,2.21406580516023e-05,47,23,198,0.000101787033631929,0.0489380846990868,5.94615979464946e-06,14,21,157
179,"P026","R05",0.000303214534931899,0.0648529258642604,0.000101917536800436,48,101,71,0.000101401786145413,0.0487400517292887,1.81058570970297e-05,157,157,75
201,"P029","R05",0.000303108419304747,0.0648355993284674,0.000140718209126822,49,109,48,0.000101384465435493,0.0487376764849655,2.7784820321293e-05,158,160,32
222,"P032","R05",0.000303108419304747,0.0648355993284674,0.000140718209126821,49,109,49,0.000101384465435493,0.0487376764849656,2.77848203213762e-05,158,158,30
236,"P034","R05",0.000303108419304747,0.0648355993284674,0.000140718209126821,49,111,50,0.000101384465435493,0.0487376764849655,2.77848203213693e-05,160,159,31
89,"P013","R07",0.000302990759398547,0.065030489944902,4.36991231065139e-05,52,26,143,0.000101768816184591,0.0489355242221952,1.21473693982313e-05,24,26,113
195,"P028","R07",0.000302968830668839,0.0650277622481154,2.2760713659721e-05,53,27,195,0.000101754671848881,0.0489345650803929,2.44601831522057e-06,31,27,203
167,"P024","R07",0.000302968830668839,0.0650277622481154,2.27607136597212e-05,53,28,194,0.000101754671848881,0.0489345650803929,2.4460183152622e-06,32,28,202
186,"P027","R04",0.000302965058100912,0.0649067651960946,0.000101529072281736,55,82,73,0.000101502384682642,0.0488071967750382,1.60799527008995e-05,91,85,85
151,"P022","R04",0.000302965058100912,0.0649067651960946,0.000101529072281736,56,81,72,0.000101502384682642,0.0488071967750382,1.60799527009203e-05,90,84,84
156,"P023","R02",0.000302963088805268,0.06502238074865,9.92615889137297e-07,57,33,282,0.000101755383125451,0.0489336267875073,5.71880650751533e-08,30,33,283
37,"P006","R02",0.000302963088805268,0.06502238074865,9.92615889137946e-07,57,34,281,0.000101755383125451,0.0489336267875073,5.71880650820922e-08,28,33,282
9,"P002","R02",0.000302963088805268,0.06502238074865,9.92615889136522e-07,59,34,283,0.000101755383125451,0.0489336267875074,5.71880650612755e-08,28,32,284
184,"P027","R02",0.00030296234810885,0.0650227208078205,0.000149430047298648,60,31,37,0.000101749050118949,0.0489328356273885,2.2606889941483e-05,39,40,57
149,"P022","R02",0.00030296234810885,0.0650227208078205,0.000149430047298649,60,32,36,0.000101749050118949,0.0489328356273885,2.26068899414691e-05,40,39,58
110,"P016","R07",0.000302941207383559,0.0650266454833273,5.02423150971883e-05,62,29,138,0.000101754581359623,0.0489345545260531,9.82060360662368e-06,33,29,134
264,"P038","R07",0.000302941207383559,0.0650266454833273,5.02423150971871e-05,63,29,139,0.000101754581359623,0.048934554526053,9.82060360659592e-06,34,30,135
126,"P018","R09",0.000302927481916679,0.0649065800913464,4.92982233187885e-05,64,83,140,0.000101524195095503,0.0488080887212686,8.62434407319229e-06,81,83,141
247,"P036","R02",0.00030286219329239,0.0650204320012212,2.11295209970479e-05,65,36,201,0.000101762068563344,0.0489336405936194,8.16809054067502e-07,27,31,233
16,"P003","R02",0.000302830392314211,0.0650163692771231,3.86151537231295e-06,66,37,258,0.000101754493001964,0.0489334890600038,5.89421234854781e-07,36,36,244
170,"P025","R02",0.000302830392314211,0.0650163692771231,3.86151537231408e-06,67,37,257,0.000101754493001964,0.0489334890600038,5.89421234854781e-07,35,35,244
275,"P040","R03",0.000302818565802187,0.0648936875644249,8.58172313091272e-05,68,85,92,0.000101502593455648,0.0488051714568837,1.19692282135389e-05,88,92,117
135,"P020","R03",0.000302818565802187,0.0648936875644249,8.58172313091252e-05,69,84,93,0.000101502593455648,0.0488051714568836,1.19692282135528e-05,88,93,116
20,"P003","R07",0.000302789963832257,0.0650133736583291,4.76594485669237e-06,70,40,250,0.000101752801662511,0.0489333091838897,2.39462826442938e-08,38,37,287
174,"P025","R07",0.000302789963832257,0.0650133736583291,4.76594485669249e-06,71,39,249,0.000101752801662511,0.0489333091838896,2.39462826165382e-08,37,38,288
32,"P005","R05",0.000302747146634366,0.0648097676803337,0.000159019105861491,72,118,29,0.000101381675105909,0.0487361006459778,3.00580939354977e-05,161,163,23
102,"P015","R05",0.000302747146634366,0.0648097676803337,0.000159019105861491,72,119,30,0.000101381675105909,0.0487361006459778,3.0058093935463e-05,162,162,24
249,"P036","R05",0.00030274167065806,0.0648236564373755,1.36093820585522e-06,74,113,276,0.000101375738266233,0.0487375426689449,1.72342733140152e-09,163,161,293
280,"P040","R09",0.000302706247757499,0.0648867707517901,5.94567399163702e-05,75,86,125,0.000101501215287843,0.0488049575156788,8.77075772637986e-06,92,94,140
140,"P020","R09",0.000302706247757499,0.0648867707517901,5.94567399163713e-05,76,86,124,0.000101501215287843,0.0488049575156788,8.77075772639374e-06,93,95,139
122,"P018","R04",0.00030262725254765,0.0648817205270961,6.17315401108992e-05,77,90,119,0.00010151340481569,0.048805601316941,9.9796742751776e-06,84,88,133
17,"P003","R03",0.00030260955376539,0.0648820406691373,1.9087746988677e-06,78,89,272,0.000101499909316267,0.0488057306823761,3.49047532884061e-07,95,87,260
171,"P025","R03",0.00030260955376539,0.0648820406691373,1.90877469886835e-06,79,88,271,0.000101499909316267,0.0488057306823762,3.49047532891e-07,94,86,259
241,"P035","R03",0.000302526929831625,0.0648758958602,3.38359815637765e-05,80,93,170,0.000101506491175621,0.0488055486550562,4.51808212895838e-06,85,89,175
252,"P036","R09",0.000302419310811485,0.0648691880129952,6.73288791238216e-06,81,94,238,0.000101505067726967,0.0488053312703591,7.31069734680179e-08,86,90,281
91,"P013","R09",0.000302416054603717,0.0648679225549156,8.2490944372282e-05,82,95,94,0.000101504596927859,0.048805279932163,1.65528531727716e-05,87,91,81
10,"P002","R03",0.000302375413229205,0.0648591405986338,2.0566635818754e-07,83,97,293,0.00010149007143763,0.0488033067747293,5.98662266981798e-09,101,97,291
157,"P023","R03",0.000302375413229205,0.0648591405986338,2.05666358188316e-07,84,96,291,0.000101490071437629,0.0488033067747294,5.98662266981798e-09,102,96,291
38,"P006","R03",0.000302375413229205,0.0648591405986338,2.05666358187889e-07,84,97,292,0.000101490071437629,0.0488033067747293,5.98662269063466e-09,103,98,290
75,"P011","R07",0.000302357720961031,0.0649838029139169,6.82047842886831e-05,86,47,103,0.000101729237757141,0.048930038143771,1.52318533315557e-05,44,42,98
54,"P008","R07",0.000302357720961031,0.0649838029139169,6.82047842886826e-05,87,48,104,0.000101729237757141,0.048930038143771,1.52318533315418e-05,44,41,99
185,"P027","R03",0.000302287109605622,0.0648541688741681,0.000131014935591202,88,99,54,0.000101482929696595,0.0488023564726976,2.06863363987966e-05,104,105,60
150,"P022","R03",0.000302287109605622,0.0648541688741681,0.000131014935591201,89,99,55,0.000101482929696595,0.0488023564726977,2.06863363987966e-05,105,104,60
191,"P028","R02",0.000302272585740555,0.0649755302081134,9.926768454194e-07,90,52,280,0.000101735638756043,0.0489298105701225,4.69732439452308e-07,41,43,249
163,"P024","R02",0.000302272585740555,0.0649755302081134,9.92676845419988e-07,90,53,279,0.000101735638756043,0.0489298105701225,4.69732439424553e-07,42,44,250
189,"P027","R09",0.000302178088601033,0.0648474135351577,9.43116081465381e-05,92,103,79,0.000101481552129707,0.048802142836031,1.59290628147582e-05,107,107,88
154,"P022","R09",0.000302178088601033,0.0648474135351577,9.43116081465372e-05,93,102,80,0.000101481552129707,0.048802142836031,1.59290628147443e-05,106,106,89
227,"P033","R03",0.000302173266880237,0.0648473973339524,2.2147448155828e-05,94,104,197,0.000101495801040733,0.0488029897520959,2.16896833971081e-06,96,99,204
205,"P030","R02",0.000302148569470748,0.0649689420036957,2.62268368388013e-05,95,55,187,0.000101728399701582,0.0489288484668122,4.91196648497866e-06,46,46,167
62,"P009","R07",0.000302126165101389,0.0649676625737269,4.05970976248132e-05,96,56,160,0.000101733064374789,0.0489294979455801,7.71370922573317e-06,43,45,147
248,"P036","R04",0.000302115261836001,0.0648450139270026,1.11261408259683e-05,97,105,219,0.000101494466459716,0.0488028938999132,1.92954680025559e-07,97,100,267
88,"P013","R04",0.000302110290016525,0.0648428412729385,0.000100369497434974,98,107,77,0.000101493802817495,0.0488027920924045,1.88257149243767e-05,100,102,72
242,"P035","R04",0.000302083434531415,0.0648436763270169,2.85249497324382e-05,99,106,178,0.000101494442736109,0.0488028864192856,3.68407901452789e-06,98,101,186
215,"P031","R07",0.000302060399079805,0.0649640062773707,2.71041091734241e-05,100,57,182,0.0001017265514154,0.0489286519133889,5.3230574306104e-06,47,47,158
231,"P033","R09",0.000302033711993316,0.0648393489854966,1.19918094208855e-05,101,108,216,0.000101494353862502,0.0488027648862142,1.19730951108482e-06,99,103,224
277,"P040","R05",0.000301974269711954,0.0647594671127926,3.84834069998828e-05,102,148,162,0.00010134763943415,0.0487313883956728,6.9193225309197e-06,165,165,150
137,"P020","R05",0.000301974269711954,0.0647594671127926,3.84834069998829e-05,103,147,161,0.00010134763943415,0.0487313883956728,6.91932253086419e-06,165,166,151
243,"P035","R05",0.000301897329897895,0.0647595877226215,9.66920433948168e-06,104,146,229,0.000101353723974997,0.0487322886186526,1.997512333686e-06,164,164,209
206,"P030","R03",0.000301868957468229,0.0648300989983159,1.9647547301209e-05,105,112,205,0.000101472721227631,0.0488008949783703,3.99448041300127e-06,108,108,178
82,"P012","R07",0.00030185186126187,0.0649391323679028,9.14807479968814e-05,106,70,82,0.000101710076078304,0.0489253577909074,2.34929487181804e-05,53,49,48
117,"P017","R07",0.00030185186126187,0.0649391323679028,9.14807479968809e-05,106,70,83,0.000101710076078304,0.0489253577909074,2.34929487181873e-05,56,48,47
131,"P019","R07",0.00030185186126187,0.0649391323679028,9.14807479968797e-05,108,73,85,0.000101710076078304,0.0489253577909074,2.34929487181665e-05,55,49,49
285,"P041","R07",0.00030185186126187,0.0649391323679028,9.14807479968799e-05,109,70,84,0.000101710076078304,0.0489253577909074,2.34929487181526e-05,53,51,50
109,"P016","R06",0.000301839544560479,0.0646659231914266,0.000144532613593532,110,186,42,0.000101186150963007,0.0486556042088547,1.59803136664735e-05,192,190,87
263,"P038","R06",0.000301839544560479,0.0646659231914266,0.00014453261359353,111,186,43,0.000101186150963007,0.0486556042088547,1.59803136665013e-05,192,191,86
166,"P024","R06",0.000301814765586785,0.0646648696987345,9.01024639125281e-05,112,188,86,0.000101186134251093,0.048655597537461,5.20641931419513e-06,194,193,160
194,"P028","R06",0.000301814765586785,0.0646648696987344,9.01024639125275e-05,112,189,87,0.000101186134251093,0.0486555975374611,5.20641931419513e-06,194,192,160
116,"P017","R06",0.000301735639674105,0.0646530369412595,0.000188970097695306,114,191,22,0.000101170872099664,0.0486535071750627,2.90923055287703e-05,205,200,28
130,"P019","R06",0.000301735639674105,0.0646530369412595,0.000188970097695307,114,193,19,0.000101170872099664,0.0486535071750627,2.90923055287842e-05,205,201,25
81,"P012","R06",0.000301735639674105,0.0646530369412595,0.000188970097695307,116,191,20,0.000101170872099664,0.0486535071750627,2.90923055287773e-05,207,201,27
284,"P041","R06",0.000301735639674105,0.0646530369412595,0.000188970097695306,117,193,21,0.000101170872099664,0.0486535071750627,2.90923055287842e-05,207,203,25
80,"P012","R05",0.000301730605459134,0.0647402697187844,6.58788483755309e-05,118,159,110,0.000101322971905507,0.0487291201226049,1.93684272519964e-05,171,168,70
129,"P019","R05",0.000301730605459134,0.0647402697187844,6.58788483755305e-05,118,159,111,0.000101322971905507,0.0487291201226049,1.93684272520173e-05,174,170,68
115,"P017","R05",0.000301730605459134,0.0647402697187844,6.58788483755317e-05,120,159,109,0.000101322971905507,0.0487291201226049,1.93684272520242e-05,172,168,67
283,"P041","R05",0.000301730605459134,0.0647402697187844,6.587884837553e-05,120,159,112,0.000101322971905507,0.0487291201226049,1.93684272520103e-05,172,171,69
61,"P009","R06",0.000301694311590547,0.0646594089953518,0.000124154578351049,122,190,58,0.000101185238336731,0.048655463188996,1.28696770446135e-05,196,194,110
2,"P001","R02",0.000301685551718268,0.0649328176560244,9.74347126345849e-06,123,74,228,0.000101710321140839,0.0489252973145252,1.24874460714214e-06,51,52,219
268,"P039","R02",0.000301685551718268,0.0649328176560244,9.74347126345896e-06,123,75,227,0.000101710321140839,0.0489252973145251,1.24874460706581e-06,51,53,220
11,"P002","R06",0.000301681928351946,0.0646493593267018,5.4880748524621e-05,125,196,129,0.000101184539795032,0.0486542506895494,1.54352811788244e-06,197,195,214
39,"P006","R06",0.000301681928351946,0.0646493593267018,5.48807485246209e-05,125,196,130,0.000101184539795032,0.0486542506895494,1.54352811786856e-06,198,196,215
158,"P023","R06",0.000301681928351946,0.0646493593267018,5.48807485246217e-05,127,195,128,0.000101184539795032,0.0486542506895493,1.54352811784081e-06,198,197,216
24,"P004","R04",0.000301672671591874,0.064813660110144,1.00895821649174e-06,128,114,278,0.000101462539460961,0.0487994650279043,4.95699352863477e-07,116,109,248
66,"P010","R04",0.000301672671591874,0.064813660110144,1.00895821649185e-06,129,114,277,0.000101462539460961,0.0487994650279043,4.95699352918988e-07,117,110,247
293,"P042","R07",0.000301653352641806,0.0649300535526746,5.57103453688408e-05,130,76,126,0.000101708555008803,0.0489251137023693,1.22528914984835e-05,58,54,112
48,"P007","R07",0.000301653352641806,0.0649300535526746,5.57103453688406e-05,130,76,127,0.000101708555008803,0.0489251137023693,1.22528914985112e-05,57,55,111
4,"P001","R04",0.000301631402437589,0.0648120514772707,3.24756685420526e-06,132,116,259,0.000101462511167975,0.0487994569914633,4.03012891413146e-07,118,111,255
270,"P039","R04",0.000301631402437589,0.0648120514772707,3.24756685420468e-06,132,116,260,0.000101462511167975,0.0487994569914632,4.03012891454779e-07,119,112,254
192,"P028","R03",0.00030162534058351,0.0648078161110199,2.21124891186518e-06,134,120,267,0.000101469517745043,0.0487993323667018,7.44835257408816e-07,109,113,238
164,"P024","R03",0.00030162534058351,0.0648078161110199,2.21124891186528e-06,135,120,266,0.000101469517745043,0.0487993323667018,7.44835257429632e-07,109,113,237
107,"P016","R02",0.000301549343073751,0.0649209209501823,1.13086608337707e-05,136,78,217,0.000101714900411833,0.0489248779024182,4.83862333364171e-06,48,56,169
261,"P038","R02",0.000301549343073751,0.0649209209501823,1.13086608337693e-05,136,79,218,0.000101714900411833,0.0489248779024182,4.83862333366947e-06,49,57,168
187,"P027","R05",0.000301531243340885,0.0647266518494873,6.56756550095967e-05,138,170,113,0.00010132836538402,0.0487287114500383,1.3241638304122e-05,168,175,108
152,"P022","R05",0.000301531243340885,0.0647266518494873,6.56756550095956e-05,139,169,114,0.00010132836538402,0.0487287114500384,1.32416383041081e-05,168,174,109
19,"P003","R06",0.000301524976183046,0.064642371340217,4.58299551927161e-05,140,200,141,0.000101183606469006,0.0486541064482576,6.87908866522924e-07,200,198,240
173,"P025","R06",0.000301524976183046,0.064642371340217,4.58299551927159e-05,141,200,142,0.000101183606469006,0.0486541064482576,6.87908866522924e-07,200,198,240
74,"P011","R06",0.000301524716168789,0.0646432968494705,0.000175191666192044,142,199,27,0.000101169326321257,0.0486532554357872,2.31582688079435e-05,210,205,54
53,"P008","R06",0.000301524716168789,0.0646432968494705,0.000175191666192044,143,198,28,0.000101169326321257,0.0486532554357872,2.31582688079365e-05,209,205,55
25,"P004","R05",0.000301515237325108,0.0647304411838275,5.13150686266761e-06,144,166,247,0.000101321444767419,0.0487288704659986,1.31242127062586e-06,175,172,217
67,"P010","R05",0.000301515237325108,0.0647304411838275,5.13150686266755e-06,144,166,248,0.000101321444767419,0.0487288704659986,1.31242127062586e-06,176,172,217
228,"P033","R05",0.000301506768674591,0.0647287301891535,4.22081198886251e-06,146,168,255,0.000101342769691802,0.0487296683979732,6.4862528046522e-07,167,167,242
47,"P007","R06",0.000301488947995311,0.0646419552185543,0.000147183930212091,147,202,40,0.000101169246677015,0.0486532463325839,1.84306792493857e-05,211,207,74
292,"P042","R06",0.000301488947995311,0.0646419552185542,0.000147183930212091,147,203,41,0.000101169246677015,0.0486532463325839,1.84306792494274e-05,211,208,73
112,"P016","R09",0.000301488635127767,0.0647998874324687,2.68495397373506e-05,149,122,183,0.000101468045852735,0.0487991077366434,8.23486747311003e-06,112,115,142
266,"P038","R09",0.000301488635127767,0.0647998874324687,2.68495397373496e-05,149,122,184,0.000101468045852735,0.0487991077366434,8.23486747309615e-06,111,116,143
143,"P021","R04",0.000301486818373802,0.0647994758778843,2.83894499166068e-06,151,124,261,0.00010144758189941,0.0487974367003018,1.58430001242355e-06,135,123,212
94,"P014","R04",0.000301486818373802,0.0647994758778843,2.83894499165983e-06,152,124,262,0.000101447581899409,0.0487974367003019,1.58430001240967e-06,136,122,213
255,"P037","R04",0.000301486818373802,0.0647994758778843,2.8389449916596e-06,152,124,263,0.000101447581899409,0.0487974367003019,1.58430001247906e-06,136,121,211
84,"P012","R09",0.000301451329302553,0.0647923340581114,5.07575678078772e-05,154,127,134,0.000101453929863986,0.0487972168388371,1.76290958298977e-05,124,126,76
287,"P041","R09",0.000301451329302553,0.0647923340581114,5.07575678078765e-05,155,127,137,0.000101453929863986,0.0487972168388371,1.76290958298769e-05,127,127,77
133,"P019","R09",0.000301451329302553,0.0647923340581114,5.07575678078769e-05,155,130,136,0.000101453929863986,0.0487972168388372,1.76290958298769e-05,124,125,77
119,"P017","R09",0.000301451329302553,0.0647923340581114,5.07575678078771e-05,157,127,135,0.000101453929863986,0.0487972168388372,1.762909582987e-05,126,124,79
58,"P009","R02",0.000301428107607065,0.064915381218746,6.06397757839898e-06,158,80,244,0.000101714031010014,0.0489247434009366,2.94586409500114e-06,50,58,190
14,"P002","R09",0.000301396230471111,0.0647870602620215,7.46623884699648e-07,159,135,288,0.000101466578434968,0.0487978259408516,8.86731620769465e-08,113,118,277
161,"P023","R09",0.000301396230471111,0.0647870602620215,7.466238846998e-07,160,134,287,0.000101466578434968,0.0487978259408516,8.86731620283743e-08,113,120,278
42,"P006","R09",0.000301396230471111,0.0647870602620215,7.46623884701038e-07,160,135,286,0.000101466578434968,0.0487978259408516,8.8673162111641e-08,113,119,276
269,"P039","R03",0.000301345082745423,0.0647894383372537,6.07152805948875e-06,162,131,242,0.0001014538320144,0.0487971854092342,8.36312126890892e-07,129,129,231
3,"P001","R03",0.000301345082745423,0.0647894383372537,6.07152805948691e-06,162,131,243,0.0001014538320144,0.0487971854092342,8.36312126890892e-07,128,128,231
207,"P030","R04",0.000301299032250359,0.0647871961625757,1.48099260286501e-05,164,133,212,0.000101459130882182,0.0487978549241383,2.98471631773184e-06,120,117,189
28,"P004","R09",0.000301277117525195,0.0647842274779926,1.53250543220675e-06,165,137,274,0.000101452478821677,0.0487969793602436,7.71923699058319e-07,131,131,236
70,"P010","R09",0.000301277117525195,0.0647842274779926,1.5325054322069e-06,166,137,273,0.000101452478821677,0.0487969793602436,7.71923699072197e-07,130,130,235
60,"P009","R05",0.000301262953789416,0.0647130655000682,3.02042220388023e-05,167,171,176,0.000101325770341276,0.048728351004471,7.31004839089194e-06,170,176,149
125,"P018","R08",0.000301243033242263,0.0645278265364418,8.17696244285574e-06,168,224,236,0.000101046733737354,0.0485749981594712,4.57011170042904e-06,224,224,174
114,"P017","R04",0.000301156445165034,0.064768624252179,4.13100771336003e-05,169,143,154,0.000101443359632699,0.0487947847539568,1.57677837796036e-05,138,138,90
282,"P041","R04",0.000301156445165034,0.0647686242521791,4.13100771335996e-05,170,141,156,0.000101443359632699,0.0487947847539568,1.5767783779562e-05,141,141,93
128,"P019","R04",0.000301156445165034,0.064768624252179,4.13100771336001e-05,170,144,155,0.000101443359632699,0.0487947847539568,1.57677837795897e-05,138,139,91
79,"P012","R04",0.000301156445165034,0.064768624252179,4.13100771336014e-05,172,142,153,0.000101443359632699,0.0487947847539568,1.57677837795897e-05,138,140,91
212,"P031","R03",0.000301130915242055,0.0647750279652453,4.08205032904942e-06,173,139,256,0.000101451933557456,0.0487959605602356,2.16132727673402e-06,132,133,205
214,"P031","R06",0.000301118595634178,0.0646154775026837,9.9251521783732e-05,174,208,78,0.000101165983828531,0.048651634255752,9.70379073588629e-06,213,209,136
59,"P009","R04",0.000301073392962591,0.0647706765524316,1.26460305599716e-05,175,140,214,0.00010145660700954,0.0487965412740323,4.82866197053927e-06,121,132,170
123,"P018","R06",0.000301069816647655,0.0646110746622207,6.24425543568844e-06,176,209,241,0.000101196389525118,0.048653437393185,3.14287710475453e-06,190,204,188
108,"P016","R05",0.000300979348758372,0.0646872961717698,4.30114596454193e-05,177,177,149,0.000101315647131474,0.0487258624826349,1.0467186628213e-05,177,177,128
262,"P038","R05",0.000300979348758372,0.0646872961717698,4.30114596454182e-05,177,177,150,0.000101315647131474,0.0487258624826348,1.04671866282269e-05,178,178,127
65,"P010","R02",0.000300977775472308,0.0648786721978165,2.25976716590618e-06,179,91,265,0.000101689590245895,0.0489203655362769,9.84166242043449e-08,60,60,274
23,"P004","R02",0.000300977775472308,0.0648786721978165,2.25976716590682e-06,179,92,264,0.000101689590245895,0.0489203655362769,9.84166241904672e-08,59,59,275
210,"P030","R09",0.000300941402034029,0.0647602275704829,1.01187587791757e-05,181,145,223,0.000101449339118575,0.0487954318019447,2.4841788982613e-06,133,134,201
18,"P003","R04",0.000300930732300853,0.0647548928183463,7.64350289523893e-07,182,152,284,0.000101454849955787,0.0487951937010985,1.41395639724484e-07,122,136,269
172,"P025","R04",0.000300930732300853,0.0647548928183462,7.64350289523875e-07,183,153,285,0.000101454849955787,0.0487951937010985,1.41395639710606e-07,123,137,270
290,"P042","R04",0.000300906499539268,0.064757366486532,2.12033077713181e-05,184,150,200,0.000101441728796444,0.048794523210387,8.22130857042191e-06,142,142,144
45,"P007","R04",0.000300906499539268,0.064757366486532,2.12033077713182e-05,184,151,199,0.000101441728796444,0.048794523210387,8.22130857041498e-06,143,143,145
144,"P021","R05",0.000300901063845362,0.0646827752919988,1.00754571368715e-05,186,181,224,0.000101294945813172,0.048724121284061,2.89933109206414e-06,183,181,191
95,"P014","R05",0.000300901063845362,0.0646827752919988,1.00754571368712e-05,187,179,225,0.000101294945813172,0.048724121284061,2.89933109206414e-06,183,180,191
256,"P037","R05",0.000300901063845362,0.0646827752919988,1.00754571368711e-05,187,179,226,0.000101294945813172,0.048724121284061,2.89933109202251e-06,185,179,193
217,"P031","R09",0.000300893991563572,0.0647583020918479,1.02832510417831e-05,189,149,222,0.000101449182318003,0.0487954151401598,3.80155552522771e-06,134,135,185
139,"P020","R08",0.000300844443649849,0.0644968257140464,1.10580311218515e-05,190,225,221,0.00010102160137795,0.0485715340518994,5.12999111099838e-06,225,226,163
279,"P040","R08",0.000300844443649849,0.0644968257140464,1.10580311218518e-05,190,226,220,0.00010102160137795,0.0485715340518994,5.12999111101919e-06,225,225,162
56,"P008","R09",0.000300843959534245,0.0647524500003097,4.08032470128875e-05,192,154,159,0.000101441606476785,0.0487943960974676,1.34111586761743e-05,145,145,106
77,"P011","R09",0.000300843959534245,0.0647524500003097,4.08032470128879e-05,193,155,158,0.000101441606476785,0.0487943960974676,1.34111586761396e-05,144,144,107
41,"P006","R08",0.00030080328648759,0.0644874882781244,3.34486989223441e-05,194,229,172,0.000101010897148593,0.0485701837845951,9.04833797381321e-07,231,231,230
13,"P002","R08",0.00030080328648759,0.0644874882781244,3.34486989223445e-05,194,230,171,0.000101010897148593,0.0485701837845952,9.04833797436833e-07,229,229,228
160,"P023","R08",0.00030080328648759,0.0644874882781244,3.34486989223438e-05,196,228,173,0.000101010897148593,0.0485701837845952,9.04833797409077e-07,230,230,229
147,"P021","R09",0.000300724060632368,0.064741132076713,4.5869184910848e-06,197,156,253,0.000101426793675119,0.0487923894865552,2.11062895396491e-06,149,149,207
98,"P014","R09",0.000300724060632368,0.064741132076713,4.58691849108522e-06,198,157,252,0.000101426793675119,0.0487923894865552,2.11062895395103e-06,149,148,208
259,"P037","R09",0.000300724060632368,0.064741132076713,4.58691849108596e-06,198,158,251,0.000101426793675119,0.0487923894865552,2.11062895398573e-06,151,147,206
229,"P033","R06",0.00030068997563738,0.064581156630694,1.35082481667939e-05,200,210,213,0.000101177377972107,0.0486507769186762,4.64997200466666e-10,202,210,294
216,"P031","R08",0.000300685516645359,0.0644887504473715,6.39240562982266e-05,201,227,116,0.000101003649864744,0.0485703095014117,7.47216721257854e-06,234,227,148
21,"P003","R08",0.000300682920271099,0.0644820745569053,2.56149752510516e-05,202,233,191,0.000101010040224221,0.0485700516793144,2.53710034640864e-07,233,233,265
175,"P025","R08",0.000300682920271099,0.0644820745569053,2.5614975251052e-05,203,232,190,0.000101010040224221,0.0485700516793145,2.53710034613108e-07,232,232,266
250,"P036","R06",0.000300682737632284,0.0645809802867958,1.97448294901382e-05,204,211,204,0.000101177315938767,0.0486507745684293,7.42742173528987e-07,203,211,239
46,"P007","R05",0.000300667419807866,0.0646662644290737,4.33123327601842e-05,205,182,144,0.000101299350762006,0.0487236120851062,1.15866336166323e-05,182,184,118
291,"P042","R05",0.000300667419807866,0.0646662644290737,4.33123327601832e-05,205,182,145,0.000101299350762006,0.0487236120851062,1.15866336166323e-05,181,184,118
26,"P004","R06",0.000300660553608425,0.0645801048668959,5.96770438938627e-05,207,212,123,0.000101147667051194,0.0486480977836593,3.85666259661993e-06,216,215,184
68,"P010","R06",0.000300660553608425,0.0645801048668959,5.96770438938633e-05,208,212,122,0.000101147667051194,0.0486480977836593,3.85666259667544e-06,217,214,183
5,"P001","R05",0.000300659271691722,0.0646660340847948,2.50677816394298e-07,209,184,289,0.000101299425432991,0.0487236158146135,2.75363904733705e-08,180,182,285
271,"P039","R05",0.000300659271691722,0.0646660340847948,2.50677816393408e-07,209,185,290,0.000101299425432991,0.0487236158146135,2.75363904386761e-08,179,182,286
244,"P035","R06",0.000300651175214092,0.0645797126745471,9.40262624033062e-06,211,214,230,0.000101177296137541,0.048650767542229,3.43741771650918e-07,204,212,261
6,"P001","R06",0.000300619725030153,0.0645785703666362,3.70226615597655e-05,212,215,167,0.000101147642684863,0.0486480902021862,4.09399552175893e-07,218,216,253
272,"P039","R06",0.000300619725030153,0.0645785703666362,3.70226615597664e-05,212,216,166,0.000101147642684863,0.0486480902021862,4.09399552182832e-07,218,217,252
44,"P007","R03",0.000300619298713117,0.0647347285146016,1.63072615098029e-05,214,163,211,0.000101433049480141,0.0487922516066782,6.79636357289043e-06,147,150,152
289,"P042","R03",0.000300619298713117,0.0647347285146016,1.6307261509804e-05,214,164,210,0.000101433049480141,0.0487922516066782,6.79636357286961e-06,148,151,153
209,"P030","R08",0.000300614498743373,0.0644858528089039,8.38456271136156e-06,216,231,232,0.000101003611851141,0.0485702948835136,6.02634649689293e-07,235,228,243
213,"P031","R04",0.00030056037739326,0.0647321067836664,6.86700121771703e-06,217,165,237,0.000101438343154448,0.048792920501275,3.18106017274666e-06,146,146,187
145,"P021","R06",0.000300435921131624,0.0645617670210182,7.28454823780584e-05,218,217,97,0.000101131595859483,0.0486458706509234,6.36220312301428e-06,221,223,156
96,"P014","R06",0.000300435921131623,0.0645617670210182,7.2845482378058e-05,219,218,98,0.000101131595859483,0.0486458706509235,6.36220312302815e-06,222,222,155
257,"P037","R06",0.000300435921131623,0.0645617670210182,7.28454823780579e-05,219,218,99,0.000101131595859483,0.0486458706509235,6.36220312303509e-06,223,221,154
132,"P019","R08",0.000300421349569189,0.0644570253498886,0.000141224073118996,221,237,44,0.000100985549825851,0.0485667099929947,2.51151702075347e-05,243,241,43
83,"P012","R08",0.000300421349569189,0.0644570253498885,0.000141224073118995,221,238,46,0.000100985549825851,0.0485667099929947,2.51151702075139e-05,242,240,46
118,"P017","R08",0.000300421349569189,0.0644570253498885,0.000141224073118996,223,238,45,0.000100985549825851,0.0485667099929947,2.51151702075278e-05,244,239,44
286,"P041","R08",0.000300421349569189,0.0644570253498885,0.000141224073118994,223,238,47,0.000100985549825851,0.0485667099929947,2.51151702075278e-05,244,241,44
180,"P026","R06",0.000300372015574884,0.0645558557532967,2.94490498880211e-05,225,220,177,0.000101190913157851,0.048650236252134,1.20047724106523e-05,191,213,115
146,"P021","R08",0.000300337748335114,0.0644603685434768,4.31586164969617e-05,226,234,147,0.000100979108098794,0.0485669508126595,4.61939332225408e-06,254,238,173
97,"P014","R08",0.000300337748335114,0.0644603685434768,4.31586164969622e-05,227,235,146,0.000100979108098794,0.0485669508126596,4.61939332226102e-06,254,237,172
258,"P037","R08",0.000300337748335114,0.0644603685434768,4.31586164969613e-05,228,235,148,0.000100979108098794,0.0485669508126596,4.61939332226796e-06,254,236,171
138,"P020","R06",0.00030033530892899,0.064554712073416,6.33253341699556e-06,229,221,240,0.000101161410646731,0.0486475683092004,3.86081292902407e-06,214,219,182
278,"P040","R06",0.00030033530892899,0.064554712073416,6.33253341699668e-06,229,222,239,0.000101161410646731,0.0486475683092004,3.86081292905183e-06,214,218,181
73,"P011","R05",0.000300272934707823,0.0646352741079739,6.10377093576123e-05,231,204,120,0.000101288394050031,0.0487209915683347,1.6507433676434e-05,189,186,82
52,"P008","R05",0.000300272934707823,0.0646352741079739,6.1037709357611e-05,231,205,121,0.000101288394050031,0.0487209915683347,1.65074336764062e-05,188,186,83
208,"P030","R06",0.000300261430028422,0.0645524518052373,2.08306505206263e-05,233,223,202,0.000101144385086022,0.0486464787503131,1.7335910885985e-07,220,220,268
51,"P008","R03",0.000300261265861675,0.064706084346576,2.5657787005143e-05,234,172,188,0.000101422356822906,0.0487896923962045,1.00090375613343e-05,152,153,131
72,"P011","R03",0.000300261265861675,0.064706084346576,2.56577870051429e-05,234,172,189,0.000101422356822906,0.0487896923962045,1.00090375613343e-05,152,152,131
294,"P042","R08",0.000300197239266295,0.0644469181765673,0.000104234045718218,236,241,69,0.000100983966555643,0.0485664557153686,1.52388538797385e-05,248,244,96
49,"P007","R08",0.000300197239266295,0.0644469181765672,0.000104234045718218,236,242,70,0.000100983966555643,0.0485664557153685,1.52388538797385e-05,249,245,96
55,"P008","R08",0.0003001969776554,0.0644467133551673,0.000130190603999737,238,243,56,0.000100983970212599,0.0485664527518915,2.01650787560945e-05,246,246,63
76,"P011","R08",0.0003001969776554,0.0644467133551673,0.000130190603999737,238,244,57,0.000100983970212599,0.0485664527518915,2.01650787560737e-05,246,247,64
165,"P024","R05",0.000300138241462544,0.0646233360885668,1.89195409875715e-05,240,206,206,0.000101293635358052,0.0487206087259253,2.66984465201875e-06,186,189,196
193,"P028","R05",0.000300138241462544,0.0646233360885668,1.89195409875711e-05,241,206,207,0.000101293635358052,0.0487206087259254,2.66984465199793e-06,186,188,197
69,"P010","R08",0.000300132067180136,0.0644442366815942,3.39628508434873e-05,242,246,168,0.00010098390622689,0.0485664416103276,2.56076888765361e-06,253,248,199
27,"P004","R08",0.000300132067180136,0.0644442366815942,3.39628508434872e-05,243,245,169,0.00010098390622689,0.0485664416103275,2.56076888765361e-06,252,249,199
273,"P039","R08",0.000300113256483277,0.0644436383697547,1.78323940231198e-05,244,247,209,0.000100983923242952,0.0485664404644709,7.66838072555065e-08,251,251,280
7,"P001","R08",0.000300113256483277,0.0644436383697547,1.78323940231205e-05,245,247,208,0.000100983923242952,0.0485664404644709,7.6683807290201e-08,250,250,279
106,"P016","R01",0.000300111331437218,0.0643205577250583,0.000110235602443513,246,259,65,0.000100826723877539,0.0484813619161962,1.34561326313662e-05,265,262,102
260,"P038","R01",0.000300111331437218,0.0643205577250583,0.000110235602443512,247,260,66,0.000100826723877539,0.0484813619161961,1.34561326313523e-05,265,263,103
142,"P021","R03",0.000300088475366587,0.0646925241033679,2.14079677079954e-06,248,174,268,0.000101407432865979,0.0487876681050458,1.20647396285867e-06,154,156,221
254,"P037","R03",0.000300088475366587,0.0646925241033679,2.14079677079914e-06,249,174,269,0.000101407432865979,0.0487876681050459,1.20647396285173e-06,156,154,222
93,"P014","R03",0.000300088475366587,0.0646925241033679,2.14079677079891e-06,249,174,270,0.000101407432865979,0.0487876681050459,1.20647396283785e-06,154,155,223
34,"P005","R08",0.000300085846728424,0.0644301456224283,8.9169477386015e-05,251,253,88,0.000101021167338058,0.0485678515385161,2.6823375326071e-05,228,235,33
104,"P015","R08",0.000300085846728424,0.0644301456224283,8.91694773860147e-05,251,254,89,0.000101021167338058,0.0485678515385161,2.6823375326071e-05,227,234,33
190,"P028","R01",0.000300083527734451,0.0643193569596353,6.61463201513251e-05,253,261,107,0.000100826706572804,0.0484813549472831,3.99463916938431e-06,267,264,177
162,"P024","R01",0.000300083527734451,0.0643193569596353,6.61463201513241e-05,254,262,108,0.000100826706572804,0.0484813549472831,3.994639169419e-06,268,265,176
111,"P016","R08",0.000300081588806757,0.0644348654491369,0.000107037940402841,255,250,68,0.000100989521639588,0.0485660651443188,1.36647338404364e-05,239,252,100
265,"P038","R08",0.000300081588806757,0.064434865449137,0.000107037940402841,256,249,67,0.000100989521639588,0.0485660651443188,1.36647338404294e-05,240,253,101
196,"P028","R08",0.000300078616940571,0.0644347429433912,6.2348606653425e-05,257,251,118,0.000100989546305898,0.0485660649080223,3.98399361178914e-06,237,254,180
168,"P024","R08",0.000300078616940571,0.0644347429433912,6.23486066534251e-05,258,251,117,0.000100989546305898,0.0485660649080222,3.98399361188628e-06,237,255,179
78,"P012","R01",0.000299975149367947,0.0643066531793099,0.000152846358155354,259,270,34,0.000100811057037886,0.0484792600119903,2.60769113748088e-05,278,273,39
113,"P017","R01",0.000299975149367947,0.0643066531793099,0.000152846358155355,260,267,32,0.000100811057037886,0.0484792600119903,2.6076911374788e-05,277,272,40
127,"P019","R01",0.000299975149367947,0.0643066531793099,0.000152846358155355,260,267,33,0.000100811057037886,0.0484792600119903,2.6076911374788e-05,276,274,40
281,"P041","R01",0.000299975149367947,0.0643066531793099,0.000152846358155353,260,267,35,0.000100811057037886,0.0484792600119903,2.6076911374788e-05,278,275,40
63,"P009","R08",0.000299972617070405,0.0644299168549883,8.72070936027616e-05,263,255,90,0.000100988685397242,0.0485659362580964,1.04119382360185e-05,241,256,129
57,"P009","R01",0.000299962605188167,0.0643139116247882,9.31802998066139e-05,264,263,81,0.000100825808414849,0.0484812206168558,1.05359984224687e-05,269,266,126
225,"P033","R01",0.000299928601058254,0.0643099337266249,5.9588817923245e-06,265,264,245,0.000100841971568638,0.0484821325792708,1.0306898020479e-07,259,259,273
246,"P036","R01",0.000299919736135387,0.0643097156938977,9.31062489140704e-06,266,265,231,0.000100841906463761,0.0484821301084497,2.85644058885259e-07,260,260,264
239,"P035","R01",0.000299885339783215,0.064308305777302,4.36302629820068e-06,267,266,254,0.000100841886073117,0.0484821227851423,8.14431060446041e-07,261,261,234
8,"P002","R01",0.000299870408586258,0.0642977440327465,3.8101926358388e-05,268,271,165,0.00010082473351597,0.04847987331166,9.50613546671364e-07,270,267,225
36,"P006","R01",0.000299870408586258,0.0642977440327465,3.81019263583888e-05,269,271,164,0.000100824733515969,0.04847987331166,9.50613546664425e-07,272,268,226
155,"P023","R01",0.000299870408586258,0.0642977440327465,3.81019263583891e-05,269,273,163,0.00010082473351597,0.04847987331166,9.50613546657486e-07,270,269,227
90,"P013","R08",0.000299775319746336,0.0644159186132265,2.24154263816381e-05,271,256,196,0.000101003137461831,0.048566597319084,1.07155863529329e-05,236,243,124
50,"P008","R01",0.000299768098423882,0.0642970610887381,0.000137122815885535,272,274,53,0.000100809515928629,0.0484790086601474,2.00500961377789e-05,280,279,65
71,"P011","R01",0.000299768098423882,0.0642970610887381,0.000137122815885535,272,275,52,0.000100809515928629,0.0484790086601474,2.00500961377512e-05,280,279,66
288,"P042","R01",0.000299727711984247,0.0642955318008306,0.000114003157473665,274,276,64,0.000100809432620517,0.0484789991389218,1.56537702114684e-05,283,281,94
43,"P007","R01",0.000299727711984247,0.0642955318008306,0.000114003157473665,274,277,63,0.000100809432620517,0.0484789991389218,1.56537702114337e-05,282,281,95
15,"P003","R01",0.000299710057822981,0.064290629187345,3.05413821986243e-05,276,278,175,0.000100823797373925,0.0484797287942497,2.90385829666839e-07,273,271,262
169,"P025","R01",0.00029971005782298,0.064290629187345,3.05413821986255e-05,277,278,174,0.000100823797373924,0.0484797287942497,2.90385829639084e-07,274,270,263
197,"P029","R01",0.000299423887559615,0.0642614088198771,7.11252094705928e-05,278,283,100,0.000100837813323433,0.0484790842544462,2.34191902003453e-05,262,278,53
232,"P034","R01",0.000299423887559615,0.0642614088198771,7.11252094705916e-05,279,281,101,0.000100837813323433,0.0484790842544462,2.34191902003592e-05,264,277,52
218,"P032","R01",0.000299423887559615,0.0642614088198771,7.11252094705911e-05,279,281,102,0.000100837813323433,0.0484790842544462,2.3419190200373e-05,262,276,51
188,"P027","R08",0.000299359216527256,0.0643841966800756,2.77792850724126e-05,281,257,179,0.000100977939968055,0.0485631273093071,1.11571303373845e-05,257,257,122
153,"P022","R08",0.000299359216527256,0.0643841966800756,2.77792850724126e-05,281,258,180,0.000100977939968055,0.0485631273093071,1.11571303373567e-05,257,257,123
211,"P031","R01",0.000299279387879009,0.0642630670055028,7.37015686294193e-05,283,280,96,0.000100805792823972,0.0484772525525593,7.78568677528568e-06,284,283,146
22,"P004","R01",0.000298801074993605,0.0642254984934854,4.13968757265207e-05,284,285,151,0.000100786880406694,0.0484736128728897,2.7928841612665e-06,285,286,194
64,"P010","R01",0.000298801074993605,0.0642254984934855,4.13968757265205e-05,285,284,152,0.000100786880406694,0.0484736128728897,2.79288416125956e-06,285,285,195
85,"P013","R01",0.000298757434764532,0.0642217817934215,2.04223718122854e-05,286,288,203,0.000100817005990514,0.0484762572878112,1.03027313393886e-05,275,284,130
1,"P001","R01",0.000298757393470439,0.0642238224068524,2.3206285398265e-05,287,286,192,0.00010078685545522,0.0484736049948489,1.04697793039399e-07,287,287,271
267,"P039","R01",0.000298757393470439,0.0642238224068524,2.32062853982639e-05,288,287,193,0.00010078685545522,0.0484736049948488,1.04697792983888e-07,288,288,272
141,"P021","R01",0.00029854697827127,0.0642062414132776,5.30036806740074e-05,289,289,131,0.000100770425149973,0.0484713811288322,5.03609498877372e-06,293,292,166
253,"P037","R01",0.00029854697827127,0.0642062414132776,5.30036806740068e-05,290,289,133,0.000100770425149973,0.0484713811288323,5.03609498880148e-06,292,290,164
92,"P014","R01",0.00029854697827127,0.0642062414132776,5.30036806740073e-05,290,291,132,0.000100770425149973,0.0484713811288323,5.0360949887876e-06,294,290,165
204,"P030","R01",0.000298320565260745,0.0641917006728781,1.20453673217199e-05,292,292,215,0.000100783220895566,0.0484718590316709,5.63020885031851e-07,289,289,246
183,"P027","R01",0.000297956462767324,0.0641616217615279,2.63835329610247e-05,293,293,185,0.000100780983040763,0.0484702746091931,1.1387520449789e-05,290,294,121
148,"P022","R01",0.000297956462767324,0.0641616217615279,2.63835329610242e-05,294,293,186,0.000100780983040763,0.0484702746091931,1.13875204498168e-05,291,293,120
